Year,GDP_Raw,Inflation,Interest_Rate,FDI_pct_GDP,Investment_pct_GDP,Export_pct_GDP,Unemployment_Rate,Gov_Spending_pct_GDP,GDP_Growth
1995-04-01,20.5,3.537,3.577,5.488,31.137,76.943,2.524,20.262,2.5
1995-07-01,21.0,3.825,3.471,5.075,31.661,78.188,2.686,19.803,2.439
1995-10-01,21.5,4.113,3.366,4.662,32.185,79.433,2.847,19.345,2.381
1996-01-01,22.0,4.401,3.26,4.249,32.71,80.678,3.008,18.886,2.326
1996-04-01,22.55,4.292,4.144,4.182,32.017,83.121,3.042,18.842,2.5
1996-07-01,23.1,4.183,5.028,4.116,31.324,85.564,3.075,18.797,2.439
1996-10-01,23.65,4.073,5.912,4.05,30.631,88.007,3.109,18.752,2.381
1997-01-01,24.2,3.964,6.796,3.983,29.938,90.45,3.142,18.708,2.326
1997-04-01,24.805,3.897,6.812,4.212,30.01,90.717,2.946,18.204,2.5
1997-07-01,25.41,3.831,6.829,4.441,30.083,90.984,2.749,17.7,2.439
1997-10-01,26.015,3.764,6.846,4.67,30.155,91.251,2.553,17.197,2.381
1998-01-01,26.62,3.697,6.863,4.899,30.227,91.518,2.356,16.693,2.326
1998-04-01,27.286,3.476,6.705,4.548,29.989,86.182,2.54,16.433,2.5
1998-07-01,27.951,3.255,6.548,4.196,29.751,80.846,2.724,16.172,2.439
1998-10-01,28.617,3.033,6.391,3.845,29.513,75.51,2.908,15.912,2.381
1999-01-01,29.282,2.812,6.234,3.493,29.275,70.174,3.092,15.652,2.326
1999-04-01,30.014,2.812,5.73,4.072,28.27,73.323,2.957,17.059,2.5
1999-07-01,30.746,2.812,5.226,4.65,27.265,76.471,2.822,18.466,2.439
1999-10-01,31.478,2.812,4.722,5.229,26.259,79.62,2.687,19.873,2.381
2000-01-01,32.21,2.812,4.218,5.808,25.254,82.769,2.552,21.281,2.326
2000-04-01,33.015,2.763,4.012,5.171,25.46,82.185,2.651,21.286,2.5
2000-07-01,33.821,2.714,3.805,4.534,25.667,81.602,2.75,21.292,2.439
2000-10-01,34.626,2.665,3.598,3.898,25.873,81.019,2.849,21.297,2.381
2001-01-01,35.431,2.616,3.391,3.261,26.079,80.435,2.948,21.303,2.326
2001-04-01,36.317,3.02,3.977,4.059,25.888,79.215,2.949,20.835,2.5
2001-07-01,37.203,3.424,4.564,4.858,25.697,77.994,2.949,20.367,2.439
2001-10-01,38.089,3.828,5.15,5.656,25.505,76.773,2.95,19.9,2.381
2002-01-01,38.974,4.232,5.737,6.454,25.314,75.553,2.95,19.432,2.326
2002-04-01,39.949,4.1,5.493,6.266,26.827,74.914,2.914,18.917,2.5
2002-07-01,40.923,3.967,5.249,6.078,28.339,74.275,2.877,18.402,2.439
2002-10-01,41.897,3.835,5.005,5.891,29.852,73.636,2.84,17.888,2.381
2003-01-01,42.872,3.702,4.761,5.703,31.364,72.997,2.804,17.373,2.326
2003-04-01,43.944,3.756,4.442,5.201,30.559,74.358,2.637,17.391,2.5
2003-07-01,45.015,3.809,4.124,4.699,29.754,75.719,2.47,17.409,2.439
2003-10-01,46.087,3.863,3.806,4.197,28.949,77.079,2.302,17.427,2.381
2004-01-01,47.159,3.916,3.488,3.696,28.144,78.44,2.135,17.444,2.326
2004-04-01,48.338,3.572,3.861,3.526,28.629,82.223,2.415,18.104,2.5
2004-07-01,49.517,3.229,4.234,3.357,29.115,86.007,2.694,18.763,2.439
2004-10-01,50.696,2.885,4.608,3.188,29.6,89.79,2.974,19.422,2.381
2005-01-01,51.875,2.541,4.981,3.019,30.086,93.573,3.253,20.082,2.326
2005-04-01,53.172,3.016,4.52,3.728,31.083,89.7,3.06,20.381,2.5
2005-07-01,54.469,3.49,4.059,4.437,32.081,85.826,2.867,20.681,2.439
2005-10-01,55.765,3.965,3.598,5.145,33.078,81.953,2.674,20.98,2.381
2006-01-01,57.062,4.44,3.138,5.854,34.076,78.08,2.481,21.28,2.326
2006-04-01,58.489,4.371,4.012,5.759,32.43,79.302,2.431,21.262,2.5
2006-07-01,59.915,4.302,4.887,5.664,30.784,80.525,2.38,21.245,2.439
2006-10-01,61.342,4.234,5.762,5.569,29.139,81.747,2.33,21.227,2.381
2007-01-01,62.769,4.165,6.637,5.474,27.493,82.97,2.28,21.21,2.326
2007-04-01,64.338,3.855,5.987,5.493,27.896,84.121,2.225,21.022,2.5
2007-07-01,65.907,3.545,5.336,5.513,28.298,85.273,2.17,20.834,2.439
2007-10-01,67.476,3.235,4.686,5.532,28.701,86.424,2.116,20.647,2.381
2008-01-01,69.045,2.925,4.035,5.552,29.104,87.575,2.061,20.459,2.326
2008-04-01,70.772,2.909,4.439,5.589,29.967,85.454,2.267,20.218,2.5
2008-07-01,72.498,2.894,4.843,5.625,30.83,83.333,2.474,19.977,2.439
2008-10-01,74.224,2.879,5.246,5.662,31.693,81.212,2.68,19.735,2.381
2009-01-01,75.95,2.864,5.65,5.699,32.556,79.091,2.886,19.494,2.326
2009-04-01,77.849,2.864,5.299,5.089,31.239,82.892,2.919,18.518,2.5
2009-07-01,79.747,2.865,4.948,4.479,29.922,86.693,2.951,17.542,2.439
2009-10-01,81.646,2.866,4.598,3.869,28.605,90.494,2.984,16.565,2.381
2010-01-01,83.545,2.867,4.247,3.259,27.288,94.295,3.016,15.589,2.326
2010-04-01,85.634,2.927,4.455,3.508,26.908,94.236,2.768,15.725,2.5
2010-07-01,87.722,2.988,4.664,3.757,26.529,94.178,2.521,15.86,2.439
2010-10-01,89.811,3.048,4.872,4.006,26.149,94.12,2.273,15.996,2.381
2011-01-01,91.899,3.108,5.08,4.255,25.77,94.061,2.025,16.131,2.326
2011-04-01,94.197,3.219,5.107,4.042,26.302,89.62,2.211,17.421,2.5
2011-07-01,96.494,3.329,5.134,3.83,26.834,85.178,2.397,18.711,2.439
2011-10-01,98.792,3.439,5.16,3.618,27.366,80.736,2.582,20.0,2.381
2012-01-01,101.089,3.55,5.187,3.406,27.898,76.295,2.768,21.29,2.326
2012-04-01,103.617,3.503,4.825,4.059,27.576,77.829,2.661,20.779,2.5
2012-07-01,106.144,3.457,4.463,4.713,27.255,79.363,2.554,20.267,2.439
2012-10-01,108.671,3.41,4.101,5.367,26.934,80.897,2.447,19.756,2.381
2013-01-01,111.198,3.364,3.739,6.021,26.612,82.431,2.34,19.245,2.326
2013-04-01,113.978,3.294,4.524,5.811,28.533,81.204,2.497,18.2,2.5
2013-07-01,116.758,3.223,5.309,5.601,30.455,79.977,2.654,17.155,2.439
2013-10-01,119.538,3.153,6.094,5.391,32.376,78.749,2.811,16.11,2.381
2014-01-01,122.318,3.082,6.878,5.182,34.297,77.522,2.968,15.064,2.326
2014-04-01,125.376,3.243,6.684,4.926,33.993,77.422,2.791,15.226,2.5
2014-07-01,128.434,3.403,6.489,4.67,33.689,77.321,2.615,15.387,2.439
2014-10-01,131.492,3.563,6.295,4.414,33.385,77.221,2.438,15.549,2.381
2015-01-01,134.55,3.724,6.101,4.158,33.081,77.121,2.262,15.71,2.326
2015-04-01,137.914,3.488,6.265,3.924,32.644,75.571,2.455,16.694,2.5
2015-07-01,141.277,3.251,6.429,3.69,32.208,74.022,2.649,17.677,2.439
2015-10-01,144.641,3.015,6.594,3.456,31.771,72.472,2.843,18.661,2.381
2016-01-01,148.005,2.779,6.758,3.222,31.334,70.922,3.036,19.645,2.326
2016-04-01,151.705,2.855,6.713,3.439,31.929,74.501,2.922,18.492,2.5
2016-07-01,155.405,2.932,6.669,3.655,32.524,78.081,2.808,17.34,2.439
2016-10-01,159.105,3.008,6.624,3.872,33.119,81.66,2.694,16.188,2.381
2017-01-01,162.805,3.084,6.579,4.088,33.715,85.239,2.58,15.035,2.326
2017-04-01,166.876,3.121,6.282,4.101,33.545,84.571,2.786,15.308,2.5
2017-07-01,170.946,3.159,5.985,4.113,33.376,83.903,2.993,15.581,2.439
2017-10-01,175.016,3.196,5.689,4.126,33.206,83.235,3.199,15.853,2.381
2018-01-01,179.086,3.233,5.392,4.138,33.037,82.567,3.405,16.126,2.326
2018-04-01,183.563,3.278,5.716,4.492,31.494,79.747,3.105,16.805,2.5
2018-07-01,188.04,3.322,6.04,4.846,29.951,76.927,2.806,17.483,2.439
2018-10-01,192.518,3.367,6.364,5.2,28.408,74.107,2.506,18.162,2.381
2019-01-01,196.995,3.412,6.687,5.554,26.866,71.287,2.206,18.841,2.326
2019-04-01,201.92,3.577,5.854,5.473,28.631,72.707,2.283,19.092,2.5
2019-07-01,206.844,3.741,5.021,5.393,30.396,74.127,2.359,19.342,2.439
2019-10-01,211.769,3.906,4.187,5.312,32.161,75.546,2.435,19.593,2.381
2020-01-01,216.694,4.07,3.354,5.231,33.926,76.966,2.512,19.843,2.326
2020-04-01,222.111,3.778,3.461,5.45,33.043,80.901,2.426,19.773,2.5
2020-07-01,227.529,3.485,3.569,5.668,32.16,84.836,2.341,19.703,2.439
2020-10-01,232.946,3.192,3.676,5.887,31.276,88.772,2.256,19.634,2.381
2021-01-01,238.364,2.899,3.784,6.105,30.393,92.707,2.17,19.564,2.326
2021-04-01,244.323,3.057,3.633,5.742,31.064,88.527,2.474,18.815,2.5
2021-07-01,250.282,3.214,3.482,5.379,31.734,84.348,2.779,18.067,2.439
2021-10-01,256.241,3.371,3.332,5.016,32.404,80.168,3.083,17.318,2.381
2022-01-01,262.2,3.528,3.181,4.653,33.074,75.989,3.387,16.57,2.326
2022-04-01,268.755,3.568,3.461,4.344,33.296,75.397,3.369,17.424,2.5
2022-07-01,275.31,3.607,3.741,4.036,33.518,74.806,3.352,18.278,2.439
2022-10-01,281.865,3.646,4.021,3.727,33.739,74.214,3.334,19.131,2.381
2023-01-01,288.42,3.685,4.301,3.419,33.961,73.622,3.316,19.985,2.326
2023-04-01,295.63,3.412,4.365,3.938,32.516,75.776,3.084,19.154,2.5
2023-07-01,302.841,3.139,4.428,4.457,31.07,77.929,2.851,18.323,2.439
2023-10-01,310.051,2.866,4.491,4.977,29.625,80.083,2.619,17.492,2.381
2024-01-01,317.262,2.593,4.555,5.496,28.18,82.236,2.387,16.661,2.326
2024-04-01,325.193,2.873,4.437,5.538,27.66,85.338,2.538,16.815,2.5
2024-07-01,333.125,3.154,4.32,5.58,27.14,88.439,2.688,16.969,2.439
2024-10-01,341.056,3.435,4.203,5.621,26.62,91.54,2.839,17.124,2.381
2025-01-01,348.988,3.715,4.085,5.663,26.101,94.641,2.99,17.278,2.326
