quarter_end,gdp_raw,inflation,interest_rate,fdi_pct_gdp,investment_pct_gdp,export_pct_gdp,unemployment_rate,gov_spending_pct_gdp,gdp_growth,log_gdp,gdp_qoq_pct_recalc,gdp_yoy_pct_recalc,inflation_lag1,inflation_lag2,interest_rate_lag1,interest_rate_lag2,log_gdp_diff1,log_gdp_diff4,inflation_scaled,interest_rate_scaled,fdi_pct_gdp_scaled,investment_pct_gdp_scaled,export_pct_gdp_scaled,unemployment_rate_scaled,gov_spending_pct_gdp_scaled,log_gdp_raw,log_fdi_pct_gdp,log_investment_pct_gdp,log_export_pct_gdp,log_gov_spending_pct_gdp,log_gdp_growth,log_log_gdp,real_interest_rate
1995-06-30,21.703,7.527,24.37,8.864,27.381,34.799,1.949,8.228,9.491,3.0774504998388488,,,,,,,,,0.4291314301785313,3.912711424233673,2.1635003482958877,-1.7434103419812377,-2.101290309509135,0.1976689304149921,-0.0091353499009271,3.0774504998388488,2.1819981300049283,3.30984934220285,3.5495886507353687,2.1075429717907106,2.250343981148355,1.1241014944105905,16.843
1995-09-30,22.681,6.914,22.957,9.145,27.62,36.808,1.943,8.269,9.441,3.1215275695982987,4.506289453071011,,7.527,,24.37,,0.0440770697594499,,0.2920074156875176,3.500753717192457,2.3282000341376183,-1.658207249839323,-1.972394735823426,0.184137685891433,0.0134732625299399,3.1215275695982987,2.2132072818428288,3.318540147981146,3.6057152128531675,2.11251358274003,2.2450619067503794,1.1383224876441371,16.043
1995-12-31,23.669,6.295,21.529,9.429,27.861,38.838,1.936,8.311,9.391,3.164166175062674,4.35606895639522,,6.914,7.527,22.957,24.37,0.0426386054643752,,0.1535412411851726,3.0844227860849855,2.494658079614671,-1.5722911611104469,-1.842151821646229,0.1683512339472804,0.0366333045322913,3.164166175062674,2.2437900464835403,3.327227861461981,3.659399148791428,2.117579938570889,2.2397517838224767,1.151889569089675,15.234
1996-03-31,24.657,5.675,20.1,9.713,28.103,40.868,1.93,8.353,9.34,3.2050608358344728,4.174236342895776,,6.295,6.914,21.529,22.957,0.0408946607717988,,0.0148513733476058,2.667800306706431,2.6611161250917226,-1.4860185740880896,-1.7119089074690317,0.1548199894237213,0.0597933465346426,3.2050608358344728,2.2734651944201936,3.3358763322069263,3.7103473607291773,2.1226207557737693,2.234306252240751,1.1647310717321033,14.425
1996-06-30,25.201,5.062,18.687,9.354,28.152,41.424,2.164,8.297,9.045,3.226883676269729,2.206270024739432,16.11758743030918,5.675,6.295,20.1,21.529,0.0218228404352562,0.1494331764308802,-0.1222726411434077,2.255842599665215,2.450699088731646,-1.46855015770753,-1.676236463980105,0.6825385258425269,0.0289132905315078,3.226883676269729,2.2358040593036943,3.337618400019284,3.7238604230091816,2.1158940036821483,2.2022121188472585,1.1715168654011283,13.625
1996-09-30,25.745,4.449,17.274,8.996,28.201,41.979,2.397,8.242,8.749,3.2482404334981045,2.158644498234197,13.509104536837002,5.062,5.675,18.687,20.1,0.0213567572283754,0.1267128638998058,-0.2593966556344215,1.843884892623999,2.2408681722500106,-1.45108174132697,-1.6406281795622015,1.208001854840738,-0.0014153359001426,3.2482404334981045,2.196780034097069,3.3393574383082494,3.737169493241686,2.1092430329166256,2.1689394081241273,1.1781134446514905,12.825000000000001
1996-12-31,26.294,3.829,15.845,8.633,28.25,42.541,2.634,8.187,8.451,3.2693407762744124,2.1324529034764117,11.090455870547975,4.449,5.062,17.274,18.687,0.0211003427763079,0.1051746012117385,-0.3980865234719883,1.4272624132454443,2.028106656376172,-1.4336133249464105,-1.6045707816471353,1.7424860135213232,-0.0317439623317942,3.2693407762744124,2.1555920692533856,3.34109345759245,3.750468316783058,2.102547530394311,2.1342847775623452,1.184588367116062,12.016
1997-03-31,26.844,3.21,14.417,8.27,28.3,43.103,2.87,8.131,8.152,3.290042332295993,2.091731954057962,8.869692176663824,3.829,4.449,15.845,17.274,0.0207015560215806,0.0849814964615203,-0.5365526979743334,1.010931482137973,1.8153451405023344,-1.4157884102723697,-1.5685133837320686,2.274714964781315,-0.062624018334929,3.290042332295993,2.1126345090356,3.342861804649192,3.7635926002557922,2.0956839172257005,2.0982632959204235,1.1909004316537704,11.207
1997-06-30,26.934,4.21,14.413,7.745,28.485,43.533,2.727,8.006,7.563,3.29338942902785,0.3352704514975491,6.876711241617395,3.21,3.829,14.417,15.845,0.0033470967318569,0.0665057527581209,-0.3128593627524513,1.0097652890536384,1.507632204321164,-1.3498362259784191,-1.5409249831920713,1.9522203036364891,-0.1315527147704988,3.29338942902785,2.047047473868832,3.349377632932359,3.7735192711770655,2.080191260570382,2.0232679368738924,1.1919172560522275,10.203
1997-09-30,27.025,5.221,14.408,7.214,28.672,43.968,2.582,7.879,6.968,3.296762363525272,0.3378629241850284,4.971839192076111,4.21,3.21,14.413,14.417,0.0033729344974218,0.0485219300271673,-0.0867054008431285,1.00830754769822,1.1964025488693515,-1.283171045097507,-1.5130157872969574,1.6252152276504774,-0.201584270349038,3.296762363525272,1.9760235824813472,3.35592103679252,3.783462096599884,2.064200992263551,1.9413282395502016,1.1929408849148437,9.187
1997-12-31,27.117,6.244,14.404,6.678,28.861,44.408,2.436,7.752,6.366,3.3001608374843836,0.3404255319149118,3.1299916330721933,5.221,4.21,14.408,14.413,0.0033984739591117,0.0308200612099711,0.1421328810888566,1.0071413546138854,0.8822422940253375,-1.215792867629633,-1.4847857960467277,1.2959549442438727,-0.2716158259275769,3.3001608374843836,1.8988185415214627,3.362491202780076,3.79341963338786,2.047950874588465,1.850971328859901,1.1939712059163774,8.16
1998-03-31,27.21,7.266,14.4,6.141,29.05,44.848,2.29,7.624,5.764,3.303584552795155,0.3429582918464513,1.3634331694233337,6.244,5.221,14.404,14.408,0.0034237153107712,0.0135422204991617,0.3707474696856201,1.005975161529551,0.5674959193028831,-1.1484146901617591,-1.456555804796498,0.966694660837268,-0.3421988110776004,3.303584552795155,1.814987595347262,3.3690184832979204,3.8032789944224326,2.031301166351901,1.7516316781372756,1.1950081070732772,7.134
1998-06-30,27.573,6.49,13.981,5.841,28.7,46.11,2.3,7.417,5.52,3.316837033044082,1.3340683572216072,2.3724660280686205,7.266,6.244,14.4,14.404,0.0132524802489273,0.0234476040162321,0.1971614415534397,0.8838164359454959,0.3916599557707858,-1.2731890928800444,-1.3755870571651567,0.9892467350431994,-0.4563447323749039,3.316837033044082,1.7649020150581725,3.3568971227655755,3.8310298462186143,2.003774662754421,1.7083778602890038,1.199011627930125,7.491
1998-09-30,27.941,5.705,13.557,5.537,28.346,47.386,2.31,7.208,5.273,3.3300951441690065,1.3346389584013352,3.38945420906569,6.49,7.266,13.981,14.4,0.0132581111249243,0.0333327806437346,0.0215621734042623,0.7601999690060228,0.2134795127249269,-1.3993894887722522,-1.2937200825394897,1.0117988092491317,-0.5715935128151765,3.3300951441690065,1.71145283784083,3.3444859267447136,3.8583268264242854,1.9751915203060368,1.6625994605483327,1.2030008754067103,7.852
1998-12-31,28.312,4.911,13.128,5.23,27.988,48.676,2.32,6.997,5.023,3.3432857430431624,1.32779785977597,4.406829664048373,5.705,6.49,13.557,13.981,0.0131905988741558,0.0431249055587787,-0.1560503347619121,0.6351257607111312,0.0335407100437475,-1.527015877838384,-1.2109548809194977,1.034350883455063,-0.6879451523984184,3.3432857430431624,1.6544112780768316,3.3317758468836502,3.8851860954745536,1.9454814857637597,1.6140273647679075,1.206954078820525,8.217
1999-03-31,28.684,4.117,12.7,4.923,27.63,49.966,2.33,6.785,4.774,3.3563394760203287,1.313930488838655,5.417126056596833,4.911,5.705,13.128,13.557,0.0130537329771662,0.0527549232251738,-0.3336628429280863,0.5103431006873231,-0.1463980926374324,-1.6546422669045155,-1.1281896792995054,1.0569029576609954,-0.8048482215531446,3.3563394760203287,1.5939181007760634,3.318902138935325,3.911342774123282,1.9147142932868324,1.5631845279166383,1.2108509384415647,8.582999999999998
1999-06-30,29.297,2.68,12.17,4.736,28.118,50.942,2.313,6.695,5.27,3.377485121702404,2.1370799051736222,6.252493381206259,4.117,4.911,12.7,13.128,0.0211456456820751,0.0606480886583216,-0.6551101656419307,0.3558225170129818,-0.2560025099057733,-1.4806710996858783,-1.065570425980814,1.0185644315109117,-0.8544768829867548,3.377485121702404,1.5551928975817044,3.3364099406577155,3.930687730657301,1.9013609791431358,1.6620303625532709,1.2171313857210941,9.49
1999-09-30,29.918,1.227,11.634,4.546,28.612,51.928,2.295,6.603,5.772,3.3984603059522693,2.119670956070574,7.075623635517703,2.68,4.117,12.17,12.7,0.0209751842498655,0.0683651617832628,-0.9801365817193252,0.1995526437121385,-0.3673652868094347,-1.3045609427063565,-1.0023095819518897,0.9779706979402336,-0.9052084035633344,3.3984603059522693,1.5142477254303515,3.353826210246137,3.9498581437311673,1.8875240912124343,1.7530186409116244,1.2233224778635399,10.407
1999-12-31,30.545,-0.242,11.092,4.355,29.111,52.925,2.278,6.511,6.28,3.4192010061017304,2.095728324085844,7.887115004238487,1.227,2.68,11.634,12.17,0.020740700149461,0.075915263058568,-1.30874209116027,0.0415334807847931,-0.4793141835915366,-1.1266682942594295,-0.9383429881417096,0.9396321717901496,-0.9559399241399136,3.4192010061017304,1.4713246103044662,3.3711161096237006,3.968875817020929,1.873493054254725,1.8373699804801074,1.2294068998333259,11.334
2000-03-31,31.173,-1.71,10.55,4.164,29.61,53.921,2.26,6.418,6.787,3.4395523355386195,2.0559829759371206,8.677311393111143,-0.242,1.227,11.092,11.634,0.0203513294368891,0.0832128595182908,-1.6371239072659929,-0.1164856821425522,-0.5912630803736391,-0.9487756458125036,-0.8744405534025528,0.8990384382194718,-1.0072228742879776,3.4395523355386195,1.4264761507527224,3.3881121421135,3.987520012426142,1.8591065426876652,1.9150090177216212,1.2353413278991676,12.260000000000002
2000-06-30,31.549,-1.392,10.269,4.118,29.998,54.205,2.384,6.396,6.64,3.4515418927638244,1.2061720078272886,7.686793869679476,-1.71,-0.242,10.55,11.092,0.0119895572252048,0.0740567710614206,-1.5659894266654342,-0.1984107463170617,-0.6182245947818937,-0.8104543079419473,-0.85621937723195,1.178684158373027,-1.019354324860638,3.4515418927638244,1.4153676086055977,3.401130712773168,3.9927731551132553,1.8556727949717078,1.8931119634883424,1.2388210566406308,11.661
2000-09-30,31.925,-1.074,9.988,4.071,30.387,54.489,2.509,6.374,6.492,3.463389401918603,1.1917968873815354,6.708336118724523,-1.392,-1.71,10.269,10.55,0.0118475091547787,0.0649290959663337,-1.494854946064876,-0.2803358104915713,-0.6457722290685893,-0.6717764717779109,-0.8379982010613471,1.460585085947175,-1.0314857754332984,3.463389401918603,1.4038886695208417,3.4140148853727696,3.997998846435416,1.8522272159951447,1.8705706496523449,1.2422477055088845,11.062
2000-12-31,32.305,-0.753,9.704,4.024,30.78,54.775,2.634,6.352,6.342,3.475222017010129,1.1902897415818403,5.761990505811099,-1.074,-1.392,9.988,10.269,0.0118326150915257,0.0560210109083985,-1.4230493854586517,-0.3631355194793313,-0.6733198633552844,-0.5316726424399507,-0.8196487067486976,1.7424860135213232,-1.0436172260059582,3.475222017010129,1.3922764327974382,3.426865128410733,4.003233885481531,1.8487697239448346,1.8471941761161554,1.2456583667629775,10.457
2001-03-31,32.685,-0.432,9.42,3.977,31.173,55.062,2.76,6.329,6.193,3.486916257064693,1.17628850023217,4.850351265518249,-0.753,-1.074,9.704,9.988,0.011694240054564,0.0473639215260734,-1.3512438248524277,-0.4459352284670919,-0.7008674976419798,-0.3915688131019919,-0.801235053365025,2.026642148516064,-1.0563001061501034,3.486916257064693,1.3805277662255535,3.4395523355386195,4.008459823064931,1.8451422457931683,1.8234196219559238,1.2490177516508132,9.852
2001-06-30,33.272,0.619,9.332,3.981,31.678,54.982,2.602,6.305,6.224,3.5047162024406107,1.7959308551323216,5.461345842974419,-0.432,-0.753,9.42,9.704,0.0177999453759176,0.0531743096767862,-1.1161421295342298,-0.471591476322454,-0.6985230181282185,-0.2115371748941799,-0.8063677790468848,1.6703193760623412,-1.069534415865733,3.5047162024406107,1.3815330440181801,3.4556224336402286,4.007005858939792,1.8413429694168828,1.8284127868760904,1.2541095478618856,8.713000000000001
2001-09-30,33.865,1.682,9.242,3.985,32.188,54.902,2.443,6.281,6.256,3.522382032666867,1.782279394085129,6.076742364917775,0.619,-0.432,9.332,9.42,0.0176658302262562,0.0589926307482637,-0.878356114193369,-0.4978308207199836,-0.6961785386144571,-0.0297230452189642,-0.8115005047287447,1.311741396188025,-1.0827687255813625,3.522382032666867,1.3825373122421782,3.4715937122838865,4.005549777724429,1.8375292034722437,1.83354100324301,1.2591374745682653,7.5600000000000005
2001-12-31,34.464,2.756,9.152,3.989,32.704,54.82,2.281,6.257,6.289,3.539915300973978,1.7687878340469476,6.683175978950628,1.682,0.619,9.242,9.332,0.0175332683071109,0.0646932839638489,-0.6381094721650677,-0.5240701651175138,-0.6938340591006958,0.1542300742171352,-0.8167615485526513,0.9463977940519296,-1.0960030352969916,3.539915300973978,1.3835405729232695,3.487497394581239,4.0040550908746395,1.8337008370162264,1.8388020755613663,1.2641028005809078,6.395999999999999
2002-03-31,35.064,3.831,9.062,3.993,33.221,54.739,2.12,6.232,6.321,3.557174963116508,1.7409470752089096,7.278568150527764,2.756,1.682,9.152,9.242,0.0172596621425302,0.0702587060518151,-0.3976391368015446,-0.5503095095150434,-0.6914895795869346,0.3385396919467145,-0.8219584333055346,0.5833093993364268,-1.1097887745841053,3.557174963116508,1.3845428280810843,3.5031822060800653,4.002576435268832,1.8296973085684471,1.8438774234901616,1.2689666801503416,5.231
2002-06-30,36.171,3.684,9.165,3.912,33.769,55.216,2.152,6.254,6.463,3.588257692803283,3.1570841889116963,8.71303197884108,3.831,2.756,9.062,9.152,0.031082729686775,0.0835414903626725,-0.4305220570791612,-0.5202800375934262,-0.7389652897406008,0.5339007567742012,-0.7913545564274442,0.6554760367954088,-1.0976573240114451,3.588257692803283,1.3640487521725708,3.5195432218773006,4.011252766355647,1.8332212590356494,1.8660936062807585,1.277666762354265,5.480999999999999
2002-09-30,37.29,3.535,9.269,3.831,34.324,55.698,2.184,6.276,6.608,3.6187251941907297,3.0936385502197794,10.11368669717998,3.684,3.831,9.165,9.062,0.030467501387446,0.0963431615238623,-0.4638523640272216,-0.4899590174007249,-0.7864409998942671,0.7317573096560529,-0.760429884194238,0.7276426742543907,-1.085525873438785,3.6187251941907292,1.343125865718512,3.5358448179448745,4.0199442396458505,1.836732834870786,1.8882810362186768,1.2861218075151848,5.734
2002-12-31,38.421,3.385,9.375,3.748,34.884,56.186,2.217,6.298,6.753,3.648604185112045,3.032984714400655,11.481545961002793,3.535,3.684,9.269,9.165,0.0298789909213152,0.1086888841380666,-0.497406364310504,-0.4590549006658567,-0.8350889498048139,0.9313963540053096,-0.7291202575348921,0.8020645191339656,-1.0733944228661243,3.6486041851120445,1.3212223643761758,3.552028271364739,4.028667615546231,1.840232122678833,1.909986850592705,1.2943446794173268,5.99
2003-03-31,39.553,3.235,9.48,3.666,35.445,56.673,2.25,6.32,6.899,3.6776415446871327,2.94630540589782,12.80230435774583,3.385,3.535,9.375,9.269,0.0290373595750881,0.1204665815706245,-0.5309603645937863,-0.4284423322020719,-0.8831507798369207,1.131391896648046,-0.6978747899465694,0.8764863640135405,-1.061262972293464,3.6776415446871327,1.2991011494175133,3.567982199306981,4.037297906842825,1.843719208158766,1.9313764735639716,1.3022716621306327,6.245000000000001
2003-06-30,41.001,4.349,9.54,3.636,35.45,57.427,2.223,6.338,7.056,3.713596456650773,3.6609106768134,13.353238782450028,3.235,3.385,9.48,9.375,0.0359549119636404,0.1253387638474898,-0.2817659891566096,-0.4109494359370525,-0.9007343761901304,1.1331743881154512,-0.6494988503950392,0.8155957636575242,-1.0513372400067422,3.713596456650773,1.2908841763152323,3.5681232529781366,4.0505145760052494,1.846563261268729,1.9538783187044901,1.3120008023827907,5.190999999999999
2003-09-30,42.466,5.476,9.6,3.606,35.455,58.19,2.195,6.355,7.215,3.748703755759602,3.573083583327241,13.880396889246448,4.349,3.235,9.54,9.48,0.0351072991088288,0.1299785615688726,-0.0296636003615486,-0.3934565396720326,-0.9183179725433402,1.1349568795828535,-0.6005454792042997,0.752449955880915,-1.0419629372915045,3.748703755759602,1.2825991247811255,3.56826428675596,4.063713518668578,1.8492419046414175,1.9761621922258341,1.3214101150955846,4.124
2003-12-31,43.947,6.616,9.661,3.575,35.46,58.96,2.168,6.373,7.376,3.782984362415742,3.4874958790561905,14.382759428437586,5.476,4.349,9.6,9.54,0.0342806066561407,0.1343801773036981,0.2253468017913967,-0.3756720951359291,-0.93648768877499,1.136739371050259,-0.5511429945163971,0.6915593555248997,-1.0320372050047826,3.7829843624157427,1.273965176145971,3.5684053006460617,4.076859247881081,1.852070316332157,1.9982314862542927,1.3305132119959682,3.045
2004-03-31,45.428,7.755,9.722,3.544,35.465,59.731,2.14,6.391,7.536,3.8161286550294,3.3699683709923267,14.853487725330572,6.616,5.476,9.661,9.6,0.0331442926136573,0.1384871103422673,0.4801335106091204,-0.3578876505998257,-0.9546574050066402,1.1385218625176636,-0.5016763507574716,0.6284135477482905,-1.022111472718061,3.8161286550294,1.2652560327428346,3.56854629465405,4.089851148609761,1.8548907506681447,2.019691537274062,1.3392364676480606,1.9669999999999996
2004-06-30,48.463,7.887,10.046,3.506,35.041,60.718,2.125,6.161,7.539,3.880800620199435,6.68090164656161,18.199556108387615,7.755,6.616,9.722,9.661,0.0646719651700351,0.167204163548662,0.5096610308584087,-0.2634260107687189,-0.9769299603873728,0.987366586081796,-0.4383513476575239,0.5945854364393924,-1.1489402741595094,3.880800620199435,1.2544757864990428,3.5565188044737517,4.106240194468488,1.8182391020324336,2.020089547229565,1.3560414777611212,2.159
2004-09-30,51.497,8.018,10.37,3.468,34.616,61.704,2.109,5.931,7.542,3.941523553545768,6.260446113529916,21.266424904629577,7.887,7.755,10.046,9.722,0.0607229333463323,0.1928197977861656,0.5389648577724756,-0.168964370937612,-0.9992025157681048,0.8358548113524512,-0.3750905036285998,0.5585021177099014,-1.2757690756009574,3.9415235535457676,1.2435780589182954,3.5443160029225838,4.1223487586316985,1.7801928328565895,2.020487398836165,1.3715673372822286,2.3519999999999985
2004-12-31,54.565,8.151,10.698,3.429,34.187,62.702,2.094,5.698,7.545,3.9993926515650537,5.957628599724241,24.160921109518263,8.018,7.887,10.37,10.046,0.0578690980192857,0.2164082891493106,0.5687160713569857,-0.0733365380221701,-1.0220611910272777,0.6829170434491812,-0.3110597507473968,0.5246740064010034,-1.4042521657568594,3.9993926515650533,1.2322686734807833,3.531845454846731,4.138393345056782,1.7401152360757166,2.020885092219812,1.3861425124827333,2.5470000000000006
2005-03-31,57.633,8.285,11.025,3.39,33.757,63.699,2.078,5.465,7.547,4.054095320314415,5.622651883075247,26.86669014704588,8.151,8.018,10.698,10.37,0.0547026687493619,0.2379666652850152,0.5986909782767179,0.0219997466221876,-1.0449198662864505,0.5296227772524313,-0.2470931569372167,0.4885906876715124,-1.5327352559127618,4.054095320314415,1.220829921392359,3.5191878032200035,4.154168863867766,1.698364121628502,2.0211501333027315,1.3997275604111146,2.74
2005-06-30,59.788,8.071,11.062,3.446,33.95,64.69,2.07,5.482,7.407,4.090804971923568,3.739177207502631,23.368342859501045,8.285,8.151,11.025,10.698,0.0367096516091525,0.2100043517241325,0.5508206045392351,0.0327870326522829,-1.012097153093792,0.5984269478942302,-0.1835115175531763,0.4705490283067669,-1.523360953197524,4.090804971923568,1.237214138105738,3.5248888540047054,4.169606630055894,1.701469997880594,2.002425499031152,1.4087417653404868,2.9909999999999997
2005-09-30,61.967,7.855,11.1,3.502,34.144,65.692,2.062,5.499,7.265,4.126601985280969,3.6445440556633457,20.33128143386993,8.071,8.285,11.062,11.025,0.035797013357401,0.1850784317352012,0.5025028441313087,0.0438658669534621,-0.979274439901134,0.6675876168295065,-0.1192241283878803,0.4525073689420214,-1.513986650482287,4.126601985280969,1.25333423386366,3.5305868751193428,4.184977152475314,1.7045662575256777,1.9830682970222462,1.4174543044625056,3.244999999999999
2005-12-31,64.169,7.636,11.138,3.559,34.34,66.704,2.054,5.516,7.121,4.161520228034952,3.5535042845385334,17.60102629890956,7.855,8.071,11.1,11.062,0.0349182427539833,0.1621275764698988,0.4535140037177165,0.0549447012546414,-0.9458656068300352,0.7374612823517478,-0.0542951485123515,0.434465709577276,-1.5046123477670492,4.161520228034952,1.2694796065280556,3.5363108554693294,4.200264921138441,1.7076529599310555,1.9630481649999878,1.425880446947925,3.502
2006-03-31,66.372,7.418,11.176,3.616,34.537,67.717,2.046,5.533,6.978,4.195275280800542,3.4331219124499324,15.163187757014196,7.636,7.855,11.138,11.1,0.0337550527655894,0.1411799604861263,0.4047488566393462,0.0660235355558207,-0.9124567737589367,0.8076914461674666,0.0106979904342008,0.4164240502125305,-1.4952380450518117,4.195275280800542,1.28536844252993,3.5420312131270073,4.215337256224591,1.7107301639159727,1.9427623427645824,1.433958958934381,3.758
2006-06-30,69.095,7.646,11.177,4.858,35.777,68.407,2.041,5.538,7.015,4.235482369255448,4.102633640691855,15.566668896768586,7.418,7.636,11.176,11.138,0.0402070884549061,0.14467739733188,0.4557509370699352,0.0663150838269042,-0.1844958847360537,1.2497493300836766,0.0549677494402429,0.4051480131095648,-1.4924808971943888,4.235482369255448,1.5806268305799807,3.577305228841456,4.225475158573494,1.7116334247487701,1.9480507135544243,1.443497222268468,3.5309999999999997
2006-09-30,71.848,7.877,11.178,6.115,37.031,69.106,2.036,5.543,7.053,4.274552776368648,3.9843693465518415,15.945583939838937,7.646,7.418,11.177,11.176,0.0390704071132006,0.1479507910876796,0.50742409750619,0.0666066320979882,0.5522568024634348,1.6967981901086169,0.0998149400854944,0.3938719760065991,-1.4897237493369662,4.274552776368648,1.8107447691391356,3.611755399691864,4.235641557684232,1.7125358704376676,1.953453058226042,1.4526794832013912,3.301000000000001
2006-12-31,74.631,8.111,11.179,7.385,38.299,69.812,2.031,5.549,7.091,4.312555970490748,3.873455071818288,16.30382271813493,7.877,7.646,11.178,11.177,0.0380031941220995,0.1510357424557957,0.5597683379481105,0.0668981803690717,1.296629048082647,2.148838026242289,0.1451112442279089,0.3825959389036334,-1.4864151719080587,4.312555970490748,1.9994509159833431,3.645423786185163,4.24580591476259,1.7136177313437642,1.9588263743218597,1.4615307609377772,3.0679999999999996
2007-03-31,77.414,8.344,11.18,8.655,39.566,70.518,2.026,5.554,7.13,4.3491676427921,3.729013412656945,16.636533477972648,8.111,7.877,11.179,11.178,0.036611672301352,0.1538923619915584,0.6118888850548088,0.0671897286401552,2.0410012937018593,2.600521364082481,0.1904075483703235,0.3713199018006667,-1.4836580240506358,4.3491676427921,2.1581371886281726,3.6779701636059006,4.255867996378772,1.7145183888846078,1.9643112344262046,1.4699844803069437,2.8360000000000003
2007-06-30,82.769,11.987,12.315,8.903,38.809,70.473,1.992,5.572,6.768,4.416053595152217,6.917353450280306,19.790144004631305,8.344,8.111,11.18,11.179,0.066885952360117,0.1805712258967693,1.426803705268125,0.3980970163201129,2.1863590235550605,2.3306521559175035,0.1875203901742771,0.2946428495004989,-1.473732291763914,4.416053595152217,2.186388298591534,3.6586521784938397,4.255229657739738,1.7177540559175593,1.912205622303922,1.4852464454845289,0.3279999999999994
2007-09-30,88.183,15.669,13.463,9.155,38.042,70.428,1.958,5.589,6.402,4.479414200671107,6.541096304171856,22.735497160672537,11.987,8.344,12.315,11.18,0.0633606055188895,0.2048614243024582,2.250442565555095,0.7327944315241581,2.3340612329220214,2.0572179648177205,0.1846332319782308,0.2179657972003305,-1.4643579890486762,4.479414200671107,2.214300178126474,3.6386908125306494,4.254590911364198,1.720800380287561,1.8566104415476714,1.4994922790984486,-2.2060000000000013
2007-12-31,93.657,19.392,14.623,9.409,37.268,70.382,1.924,5.607,6.032,4.539639172492881,6.207545672068293,25.493427664107404,15.669,11.987,13.463,12.315,0.060224971821774,0.2270832020021327,3.083252852586161,1.0709904259812075,2.482935682045865,1.78128828566357,0.1816819147111618,0.1412887449001622,-1.4544322567619543,4.539639172492881,2.241666678024629,3.6181350495881786,4.253937548653647,1.7240158171415354,1.797078630705655,1.5128475314702832,-4.769
2008-03-31,99.13,23.115,15.784,9.663,36.493,70.337,1.889,5.625,5.662,4.596432120044806,5.843663580938951,28.05177358100601,19.392,15.669,14.623,13.463,0.0567929475519255,0.2472644772527061,3.916063139617228,1.4094779687093408,2.631810131169707,1.50500210821594,0.1787947565151154,0.0623564851794009,-1.4445065244752324,4.596432120044806,2.2683041590171715,3.5971204613742347,4.253297976150517,1.7272209480904839,1.7337771866897078,1.525280376464299,-7.330999999999998
2008-06-30,100.842,19.038,14.363,9.043,36.66,68.415,1.851,5.663,5.596,4.613554935522484,1.7270251185312224,21.835469801495712,23.115,19.392,15.784,14.623,0.0171228154776779,0.197501340370267,3.0040654119176153,0.9951878754994552,2.268415806536705,1.564537323227234,0.0554810220084296,-0.0233413968031401,-1.423552200758819,4.613554935522484,2.201990977758343,3.6016862424115588,4.225592098831774,1.733953787131668,1.7220520568032347,1.5289986955243704,-4.675000000000001
2008-09-30,102.554,14.961,12.942,8.423,36.826,66.494,1.813,5.701,5.531,4.630389489120938,1.6977053211955306,16.296791898665262,19.038,23.115,14.363,15.784,0.0168345535984535,0.150975288449831,2.0920676842180024,0.5808977822895699,1.905021481903704,1.6237160399450503,-0.0677685534272335,-0.1090392787856812,-1.402597877042406,4.630389489120938,2.1309660593332267,3.6062041174450283,4.197111718027328,1.7406415980494447,1.710368631012541,1.532640987480297,-2.019
2008-12-31,104.284,10.839,11.505,7.796,36.994,64.551,1.775,5.74,5.464,4.647117946595848,1.6869161612418804,11.346722615501248,14.961,19.038,12.942,14.363,0.01672845747491,0.107478774102967,1.1700037564334047,0.1619429167423461,1.5375243181216207,1.6836077532498268,-0.1924296284254077,-0.1947371607682223,-1.381092123754508,4.647117946595848,2.0536107816453146,3.610755737332357,4.167455609039424,1.747459210331475,1.698181122268489,1.5362472310150552,0.6660000000000004
2009-03-31,106.015,6.717,10.069,7.169,37.163,62.609,1.737,5.778,5.398,4.663580593534514,1.6598902995665687,6.945425199233335,10.839,14.961,11.505,12.942,0.0164626469386659,0.0671484734897074,0.2479398286488068,-0.2567204005337942,1.1700271543395366,1.7438559648480834,-0.3170265443525588,-0.2804350427507629,-1.3601378000380953,4.663580593534514,1.9697661748707351,3.6153136426568477,4.1369090377401925,1.7540576020440435,1.686028514595813,1.5397835208054784,3.352000000000001
2009-06-30,116.17,7.331,10.825,6.741,37.147,60.53,1.583,6.914,5.651,4.755054635525384,9.578833183983404,15.20001586640487,6.717,10.839,10.069,11.505,0.0914740419908701,0.1414997000028997,0.3852875364750425,-0.0363099075945453,0.9191678463670776,1.738151992152391,-0.450413253009895,-0.6277369855221137,-0.7337138068316368,4.755054635525384,1.9082082818713018,3.6148830142018014,4.103139109903596,1.9335483414994328,1.7318325206477063,1.5592081860523488,3.493999999999999
2009-09-30,126.439,7.952,11.59,6.309,37.131,58.427,1.428,8.062,5.906,4.8397599784265495,8.839631574416806,23.290169081654533,7.331,6.717,10.825,10.069,0.0847053429011657,0.2093704893056118,0.5242010976478312,0.1867245197844572,0.6659640588808577,1.7324480194566985,-0.5853397793717894,-0.9772941357140572,-0.100672658767364,4.8397599784265495,1.8419771853886724,3.614452200225995,4.06777811176029,2.0871616646949738,1.7759687833217308,1.5768651282646704,3.638
2009-12-31,136.82,8.58,12.362,5.872,37.115,56.301,1.271,9.223,6.165,4.918666193332852,8.210283219576242,31.19941697671742,7.952,7.331,11.59,10.825,0.0789062149063024,0.2715482467370043,0.664680512167173,0.4117997850610452,0.4098296720024357,1.726744046761006,-0.7217419643672183,-1.3313617007471874,0.539537073726209,4.918666193332852,1.7701952913122145,3.6140212005695105,4.030712296977245,2.2217003642535817,1.8188881366163077,1.5930373948341758,3.782
2010-03-31,147.201,9.207,13.135,5.435,37.099,54.176,1.114,10.383,6.423,4.991798999749961,7.587341032012862,38.84921945007782,8.58,7.952,12.362,11.59,0.0731328064171092,0.3282184062154476,0.8049362333512933,0.6371665986087168,0.1536952851240136,1.7210400740653111,-0.858079990291624,-1.685429265780317,1.179195376648296,4.991798999749961,1.6928595205731727,3.6135900150722216,3.9922380059507248,2.3401698533213167,1.8598852982756555,1.607796365783326,3.927999999999999
2010-06-30,153.463,11.543,14.077,5.156,35.933,55.903,1.086,10.284,6.421,5.0334594956266,4.254047187179433,32.10209176207282,9.207,8.58,13.135,12.362,0.0416604958766386,0.2784048601012161,1.3274838644296094,0.9118050699695276,-0.0098321609608369,1.305363063866683,-0.7472772746344718,-1.748575073556926,1.1246038490713253,5.0334594956266,1.6401610850769408,3.581656093325913,4.023618045983987,2.330589289403643,1.8595738688119114,1.6161075201949162,2.5340000000000007
2010-09-30,159.794,13.904,15.029,4.874,34.755,57.649,1.057,10.184,6.418,5.073885485693603,4.125424369391983,26.380309872744977,11.543,9.207,14.077,13.135,0.0404259900670034,0.2341255072670538,1.855623828888473,1.1893590240411749,-0.1751179666810085,0.8854080741462853,-0.6352555366278776,-1.8139760887541287,1.0694608919228688,5.073885485693603,1.5839149552030145,3.548323446552449,4.054372900510851,2.3208178612551054,1.8591065426876652,1.6241068920799984,1.125
2010-12-31,166.194,16.291,15.991,4.59,33.563,59.415,1.028,10.082,6.416,5.113155780686656,4.005156639172913,21.46908346732934,13.904,11.543,15.029,14.077,0.0392702949930523,0.1944895873538037,2.3895798200631053,1.4698284608236587,-0.3415760121580606,0.460462108317155,-0.5219506172008187,-1.879377103951331,1.0132150756314446,5.113155780686656,1.5238800240724537,3.5134242697372593,4.08454671974199,2.310751655660439,1.8587948705642134,1.6318167832039787,-0.3000000000000007
2011-03-31,172.595,18.678,16.954,4.305,32.371,61.18,0.999,9.981,6.413,5.150947809515937,3.8515229189982847,17.251241499718084,16.291,13.904,15.991,15.029,0.0377920288292816,0.1591488097659761,2.9235358112377376,1.7505894458772266,-0.5086201775135533,0.0355161424880246,-0.4087098568447828,-1.9447781191485336,0.9575206889115038,5.150947809515937,1.459777137879694,3.4772629602629572,4.113820338722757,2.3006832857044492,1.8583271801667258,1.6391807384249422,-1.7240000000000002
2011-06-30,178.265,16.315,16.095,4.298,31.924,61.746,1.006,10.095,6.189,5.18327120722652,3.2851473101769946,16.161550341124563,18.678,16.291,16.954,15.991,0.0323233977105825,0.14981171159992,2.3949484601084308,1.5001494810163596,-0.5127230166626354,-0.1238385946979001,-0.3723958226456232,-1.928991667204381,1.020383660060744,5.18327120722652,1.4581497982203186,3.4633580780137625,4.12302919608201,2.312040251764801,1.8227735227572244,1.6454363641412242,-0.22000000000000242
2011-09-30,183.998,13.926,15.227,4.292,31.473,62.318,1.013,10.211,5.963,5.214924887984694,3.215998653689734,15.147001764772128,16.315,18.678,16.095,16.954,0.0316536807581737,0.1410394022910903,1.8605450822633545,1.2470855817157402,-0.5162397359332774,-0.2846193250577474,-0.3356968340203247,-1.913205215260229,1.0843494903529525,5.214924887984694,1.456752824768452,3.449130035417458,4.132250308621332,2.323465570573401,1.7855737101409688,1.6515246852780026,1.3010000000000002
2011-12-31,189.795,11.51,14.349,4.285,31.016,62.896,1.02,10.328,5.734,5.245944542309337,3.150577723670911,14.200873677750092,13.926,16.315,15.227,16.095,0.031019654324643,0.132788761622681,1.3201019843672874,0.991106199704284,-0.5203425750823596,-0.4475390451784796,-0.2986128909688861,-1.8974187633160764,1.1488667502166452,5.245944542309337,1.4551205520497432,3.4345032003686278,4.141482568679504,2.3348586535443414,1.7464133674611781,1.6574553099647356,2.8390000000000004
2012-03-31,195.591,9.095,13.472,4.278,30.559,63.474,1.027,10.445,5.505,5.276025744272181,3.0538212281672417,13.32367681566673,11.51,13.926,14.349,15.227,0.0300812019628446,0.125077934756244,0.7798825798064425,0.7354183659639112,-0.5244454142314422,-0.6104587652992106,-0.2615289479174481,-1.881632311371924,1.213384010080339,5.276025744272181,1.4534856106602139,3.4196592412498377,4.150630373232692,2.346123395008529,1.7056567701746432,1.663173114348884,4.376999999999999
2012-06-30,200.095,8.473,12.702,4.25,30.473,64.301,1.099,10.562,5.517,5.298792253771248,2.30276444212667,12.245813816509132,9.095,11.51,13.472,14.349,0.0227665094990667,0.1155210465447282,0.6407453252984319,0.5109261972294907,-0.540856770827771,-0.6411176185385614,-0.2084693961812201,-1.7192573770892148,1.277901269944032,5.298792253771248,1.4469189829363254,3.416841045650176,4.163575183222174,2.3572626542847415,1.7078342342902937,1.6674789179433136,4.228999999999999
2012-09-30,204.6,7.851,11.931,4.222,30.387,65.128,1.171,10.679,5.529,5.321056853517526,2.2514305704790294,11.196860835443868,8.473,9.095,12.702,13.472,0.0222645997462782,0.1061319655328327,0.5016080707904211,0.2861424802239861,-0.5572681274240998,-0.6717764717779109,-0.1554098444449927,-1.5568824428065051,1.3424185298077256,5.321056853517526,1.440308949426129,3.4140148853727696,4.176354564271676,2.368279196189408,1.7100069673557958,1.6716719403001552,4.079999999999999
2012-12-31,209.155,7.222,11.153,4.193,30.3,65.964,1.243,10.798,5.541,5.34307560388981,2.2262952101661737,10.200479464685586,7.851,8.473,11.931,12.702,0.0220187503722835,0.0971310615804732,0.3609049629358574,0.0593179253208965,-0.5742656038988697,-0.7027918233107416,-0.101772861069556,-1.394507508523796,1.408038648814388,5.34307560388981,1.4334164681886254,3.4111477125153233,4.189109138666524,2.379360931796095,1.7121749898852128,1.675801442957838,3.931
2013-03-31,213.709,6.593,10.374,4.165,30.213,66.8,1.316,10.916,5.554,5.364615276552932,2.177332600224724,9.263207407293784,7.222,7.851,11.153,11.931,0.0215396726631222,0.0885895322807508,0.2202018550812935,-0.167798177853277,-0.5906769604951986,-0.7338071748435723,-0.0481358776941193,-1.2298773668204936,1.473107338249566,5.364615276552932,1.426716275618806,3.4082722953341174,4.2017030805426,2.390229602846092,1.7145183888846078,1.6798246636424081,3.7810000000000006
2013-06-30,218.577,5.974,9.953,4.109,30.232,67.49,1.301,10.769,5.768,5.387138355202377,2.2778638241721216,9.23661260901072,6.593,7.222,10.374,11.153,0.0225230786494448,0.0883461014311288,0.0817356805789486,-0.2905399999794995,-0.6234996736878567,-0.7270337072674374,-0.0038661186880771,-1.2637054781293915,1.392047191241336,5.387138355202377,1.4131796899012727,3.4089009660471876,4.211979438755315,2.3766716363467437,1.752325399982648,1.6840143265322018,3.978999999999999
2013-09-30,223.499,5.349,9.527,4.054,30.251,68.188,1.286,10.619,5.984,5.409406939770683,2.2518380250438064,9.237047898338211,5.974,6.593,9.953,10.374,0.0222685845683061,0.0883500862531567,-0.0580726539347276,-0.4147395634611401,-0.6557362670020745,-0.7202602396913013,0.0409169128861516,-1.2975335894382891,1.3093327555186518,5.409406939770683,1.3997040480298084,3.4095292417816916,4.222268596288679,2.3626448494217085,1.7890892406721761,1.6881394638864489,4.177999999999999
2013-12-31,228.475,4.717,9.096,3.997,30.27,68.893,1.271,10.468,6.203,5.4314267951582655,2.2264081718486484,9.237168607013936,5.349,5.974,9.527,9.953,0.0220198553875823,0.0883511912684555,-0.1994468417949572,-0.5403968682981987,-0.6891451000731732,-0.7134867721151664,0.0861490579575426,-1.3313617007471874,1.2260668902244838,5.4314267951582655,1.3855440797291865,3.410157123033627,4.232554576341647,2.3483229846678992,1.8250330459909805,1.6922018609693523,4.3790000000000004
2014-03-31,233.451,4.085,8.665,3.941,30.289,69.599,1.256,10.317,6.422,5.452972204980271,2.177918809497758,9.237795319804022,4.717,5.349,9.096,9.527,0.0215454098220053,0.0883569284273386,-0.3408210296551865,-0.6660541731352578,-0.7219678132658315,-0.7067133045390303,0.1314453620999571,-1.3651898120560848,1.1428010249303155,5.452972204980271,1.3714344982128666,3.410784610298061,4.242750199421064,2.333793020118239,1.859729595667322,1.6961608187331108,4.579999999999999
2014-06-30,234.883,3.233,8.283,4.185,30.738,70.418,1.402,10.401,6.562,5.459087517824147,0.6134049543587317,7.46007127922883,4.085,4.717,8.665,9.096,0.0061153128438764,0.0719491626217703,-0.53140775126423,-0.7774256126892171,-0.5789545629263924,-0.5466455707661455,0.1839916412679988,-1.03592952864948,1.1891211089350182,5.459087517824147,1.4315067039414386,3.42549967418512,4.254448912301153,2.341901955370996,1.88129543453891,1.6972816545128682,5.049999999999999
2014-09-30,236.331,2.372,7.898,4.432,31.191,71.247,1.55,10.485,6.702,5.46523336475463,0.6164771396822921,5.741412713255989,3.233,4.085,8.283,8.665,0.0061458469304822,0.0558264249839464,-0.7240077128902704,-0.8896716970564273,-0.4341829529516317,-0.385151843819337,0.2371795111462725,-0.7021588304016885,1.2354411929397209,5.46523336475463,1.4888509494449829,3.440129591663943,4.26615271299915,2.3499456643538834,1.9024059893151186,1.6984068224102469,5.526
2014-12-31,237.795,1.502,7.508,4.682,31.65,72.085,1.699,10.57,6.845,5.471408957963301,0.6194701499168564,4.0792209213261765,2.372,3.233,7.898,8.283,0.0061755932086713,0.0399821628050354,-0.918620914533308,-1.003375522779056,-0.2876529833415505,-0.2215191271116434,0.2909448126637554,-0.366132924733304,1.2823127065159088,5.471408957963301,1.5437253690687192,3.4547381485901854,4.277845978263867,2.3580197998821464,1.9235184587404122,1.6995361624184155,6.006
2015-03-31,239.258,0.631,7.118,4.932,32.109,72.923,1.848,10.655,6.987,5.477542467600573,0.6152358123594048,2.4874598952242755,1.502,2.372,7.508,7.898,0.0061335096372721,0.0245702626203021,-1.113457809511567,-1.1170793485016843,-0.1411230137314693,-0.0578864104039487,0.3447101141812392,-0.0301070190649194,1.3291842200920958,5.477542467600573,1.595744585302098,3.4691363646703484,4.289404089940608,2.3660292655505804,1.9440512795703135,1.7006565455565756,6.487
2015-06-30,243.657,1.133,7.079,4.924,32.014,73.215,1.848,10.592,6.914,5.4957614986121,1.8386010081167692,3.735476811859528,0.631,1.502,7.118,7.508,0.0182190310115268,0.0366739807879525,-1.0011637552301822,-1.1284497310739474,-0.1458119727589919,-0.0917537482846256,0.3634445629200282,-0.0301070190649194,1.2944441570885692,5.4957614986121,1.5941212083222072,3.4661733071245058,4.293400318007221,2.3600989991946526,1.9335483414994328,1.7039771585294028,5.946
2015-09-30,248.104,1.641,7.039,4.917,31.918,73.51,1.848,10.528,6.84,5.513848013099026,1.8251066047763944,4.981572455581373,1.133,0.631,7.079,7.118,0.0180865144869262,0.0486146483443965,-0.8875275409374662,-1.140111661917294,-0.1499148119080745,-0.1259775844587851,0.382371488871887,-0.0301070190649194,1.2591526645135576,5.513848013099026,1.5926985884298024,3.463170113976995,4.297421451385996,2.3540383745829616,1.922787731634459,1.7072627484021705,5.398
2015-12-31,252.6,2.155,7.0,4.909,31.821,73.809,1.848,10.463,6.765,5.531807209916391,1.812143294747348,6.225950924115309,1.641,1.133,7.039,7.079,0.0179591968173644,0.0603982519530896,-0.7725491666334189,-1.1514820444895568,-0.1546037709355971,-0.1605579189264232,0.4015550511078382,-0.0301070190649194,1.2233097423670605,5.531807209916391,1.5910702550759155,3.460126449191443,4.3014806753904935,2.34784522439891,1.9117622616227514,1.7105145632162766,4.845000000000001
2016-03-31,257.096,2.668,6.96,4.901,31.725,74.107,1.848,10.398,6.69,5.5494495560022346,1.7798891528107763,7.455550075650552,2.155,1.641,7.0,7.039,0.0176423460858439,0.0719070884016614,-0.6577944856645933,-1.1631439753329034,-0.1592927299631197,-0.1947817551005814,0.4206744542727668,-0.0301070190649194,1.1874668202205645,5.5494495560022346,1.5894392659274104,3.4571050136004513,4.305509994776894,2.341613479961524,1.900613874140137,1.7136987437410747,4.292
2016-06-30,263.127,2.88,6.987,4.928,31.869,76.011,1.854,10.333,6.752,5.572636805357877,2.3458163487568795,7.990741082751573,2.668,2.155,6.96,7.0,0.0231872493556428,0.0768753067457774,-0.6103714985975544,-1.1552721720136443,-0.1434674932452308,-0.1434460008393448,0.5428333255010341,-0.0165757745413603,1.1516238980740685,5.572636805357877,1.5949332262312186,3.461633750465986,4.33087806665507,2.335342657232218,1.909838757293656,1.7178683360631921,4.107
2016-09-30,269.159,3.092,7.013,4.956,32.013,77.914,1.861,10.267,6.814,5.595302283050918,2.292429131179996,8.48636055847547,2.88,2.668,6.987,6.96,0.0226654776930406,0.0814542699518918,-0.5629485115305154,-1.1476919169654691,-0.1270561366489015,-0.0921102465781081,0.6649280376582788,-0.0007893225972082,1.1152295463560873,5.595302283050918,1.600598963766896,3.4661420703025376,4.355605654316081,2.3289348683168276,1.9189793192387747,1.7219273676594087,3.921
2016-12-31,275.256,3.306,7.04,4.984,32.159,79.838,1.867,10.201,6.877,5.617701573730331,2.265203838623253,8.9691211401425,3.092,2.88,7.013,6.987,0.022399290679413,0.0858943638139404,-0.5150781377930326,-1.1398201136462105,-0.1106447800525726,-0.040061495729909,0.7883700903070108,0.0127419219263508,1.078835194638107,5.617701573730331,1.606232781485152,3.4706923492999575,4.379999581589249,2.322485754700382,1.928182510337699,1.7259226076076302,3.734
2017-03-31,281.354,3.52,7.068,5.011,32.305,81.763,1.874,10.135,6.94,5.639613662945455,2.215392216700085,9.435386003671775,3.306,3.092,7.04,7.013,0.0219120892151236,0.0901641069432201,-0.4672077640555498,-1.1316567620558675,-0.0948195433346838,0.01198725511829,0.9118763020267672,0.0285283738705033,1.0424408429201255,5.639613662945455,1.6116354959775876,3.475222017010129,4.403824818541527,2.3159947799039635,1.937301774518713,1.7298155636860149,3.5479999999999996
2017-06-30,288.443,3.525,7.143,5.008,32.235,82.419,1.698,10.039,7.07,5.664497492771062,2.519601640637781,9.621209529998808,3.52,3.306,7.068,7.04,0.0248838298256073,0.0918606874131846,-0.4660892973794405,-1.109790641724593,-0.0965779029700048,-0.012967625425367,0.9539646526180188,-0.3683881321538974,0.989503604057608,5.664497492771062,1.6110366337977975,3.4730528187625835,4.411815992859633,2.3064775077093893,1.9558604799084813,1.7342181867099051,3.618
2017-09-30,295.612,3.53,7.218,5.005,32.164,83.082,1.52,9.942,7.2,5.689047783649264,2.4854130625461712,9.8280198692966,3.525,3.52,7.143,7.068,0.024550290878202,0.093745500598346,-0.4649708307033311,-1.0879245213933182,-0.0983362626053258,-0.038279004262504,0.996502116706433,-0.7698150530194842,0.9360149356236062,5.689047783649264,1.6104374127671839,3.4708478146859028,4.419828071900632,2.2967682076724807,1.9740810260220096,1.7385428850387847,3.688
2017-12-31,302.859,3.535,7.295,5.002,32.092,83.753,1.341,9.844,7.333,5.713267350667415,2.45152429536013,10.028119278053891,3.53,3.525,7.218,7.143,0.024219567018151,0.0955657769370841,-0.4638523640272216,-1.0654753045198762,-0.1000946222406469,-0.0639468813931236,1.039552853363034,-1.1734971813056645,0.881974837618119,5.713267350667415,1.6098378324554272,3.4686067778914094,4.4278719909591455,2.2868621325288094,1.9923847091116624,1.7427910755434841,3.76
2018-03-31,310.106,3.54,7.372,4.998,32.02,84.423,1.161,9.746,7.465,5.736914174516448,2.392862685275987,10.219154517085238,3.535,3.53,7.295,7.218,0.0236468238490328,0.0973005115709932,-0.4627338973511122,-1.043026087646434,-0.1024391017544079,-0.0896147585237406,1.0825394309486114,-1.579434517012437,0.8279347396126329,5.736914174516448,1.6090378324127608,3.4663607075685685,4.435839876325644,2.2768569444213145,2.0102254309911536,1.7469214655141854,3.832
2018-06-30,316.088,3.356,7.455,4.955,32.01,84.604,1.289,9.705,7.439,5.75602065583093,1.9290178197132637,9.58421594561145,3.54,3.535,7.372,7.295,0.0191064813144823,0.0915231630598683,-0.5038934710319386,-1.01882758114649,-0.127642256527342,-0.0931797414585506,1.0941522228038194,-1.29076796717651,0.8053261271817658,5.75602065583093,1.6003971677819513,3.4660483539817717,4.437981546818328,2.2726412166209737,2.0067364312092044,1.7502463775925063,4.099
2018-09-30,322.136,3.171,7.538,4.91,32.0,84.788,1.419,9.663,7.413,5.774973816623873,1.9133912075118389,8.97257215539289,3.356,3.54,7.455,7.372,0.0189531607929422,0.0859260329746085,-0.5452767380479867,-0.994629074646546,-0.1540176510571566,-0.096744724393358,1.1059574918720974,-0.9975910024993956,0.7821660851794144,5.774973816623873,1.5912739418064292,3.4657359027997265,4.44015402335049,2.2683041590171715,2.0032352156745827,1.7535337224796348,4.367000000000001
2018-12-31,328.251,2.983,7.623,4.866,31.99,84.973,1.55,9.621,7.386,5.793778559636757,1.8982665706409607,8.384099531465129,3.171,3.356,7.538,7.455,0.0188047430128843,0.0805112089693418,-0.5873310850697006,-0.9698474716044344,-0.1798069257085311,-0.1003097073281667,1.1178269200113986,-0.7021588304016885,0.759006043177063,5.793778559636757,1.5822722443613308,3.4654233539614268,4.44233355897098,2.2639482093791274,1.9995863164303715,1.7567846797070215,4.640000000000001
2019-03-31,334.365,2.796,7.708,4.821,31.98,85.158,1.681,9.579,7.359,5.812233210661005,1.8625990476799803,7.822808974995654,2.983,3.171,7.623,7.538,0.018454651024248,0.075319036144557,-0.6291617387561925,-0.9450658685623232,-0.2061823202383457,-0.1038746902629742,1.1296963481507,-0.4067266583039813,0.7358460011747117,5.812233210661005,1.5729813754234852,3.4651107074058083,4.444508354545175,2.259573202400755,1.995924053944462,1.7599648706189548,4.912000000000001
2019-06-30,337.386,2.901,7.693,4.756,31.964,84.966,1.785,9.554,6.251,5.821227675475044,0.9035036561841236,6.737997013489916,2.796,2.983,7.708,7.623,0.0089944648140392,0.0652070196441139,-0.6056739385578949,-0.9494390926285784,-0.2442801123369665,-0.1095786629586678,1.1173778065142357,-0.1721850865622904,0.7220602618875975,5.821227675475044,1.5594069788285354,3.4646102695122165,4.442251176468977,2.25695991496777,1.8327414509496753,1.7615111803017356,4.792
2019-09-30,340.44,3.007,7.678,4.691,31.948,84.773,1.89,9.529,5.131,5.83023889860876,0.905194643524032,5.682072168276742,2.901,2.796,7.693,7.708,0.009011223133716,0.0552650819848876,-0.5819624450243753,-0.9538123166948332,-0.2823779044355879,-0.1152826356543602,1.1049951058067484,0.0646116925999938,0.7082745226004834,5.83023889860876,1.545645779346321,3.4641095810551423,4.439977095872602,2.254339780366051,1.6353005719598277,1.7630579769857568,4.670999999999999
2019-12-31,343.528,3.114,7.663,4.625,31.932,84.577,1.997,9.504,3.998,5.8392686221685715,0.9070614498883912,4.654060459831055,3.007,2.901,7.678,7.693,0.0090297235598111,0.0454900625318144,-0.558027258155634,-0.958185540761088,-0.3210618164126492,-0.1209866083500539,1.0924199278861917,0.305918886603465,0.6944887833133693,5.8392686221685715,1.5314763709643886,3.4636086417835523,4.437662362037186,2.251712762620289,1.3857942360782083,1.7646055530674227,4.549
2020-03-31,346.616,3.221,7.648,4.558,31.916,84.382,2.103,9.479,2.865,5.8482175389396405,0.8989078037306975,3.663960043664849,3.114,3.007,7.663,7.678,0.008948916771069,0.0359843282786354,-0.5340920712868926,-0.9625587648273431,-0.360331848268151,-0.1266905810457463,1.0799089090366585,0.5449708731863429,0.680703044026255,5.8482175389396405,1.5168839308234925,3.4631074514460347,4.435354108714421,2.2490788254709044,1.052568350166703,1.7661369206167046,4.427
2020-06-30,351.553,2.876,7.688,4.487,32.159,86.736,2.173,9.505,2.788,5.862360482245511,1.4243427885614055,4.199047974723302,3.221,3.114,7.648,7.663,0.0141429433058704,0.0411328067704666,-0.611266271938442,-0.9508968339839966,-0.401946359637414,-0.040061495729909,1.2309393622253884,0.7028353926278654,0.6950402128848544,5.862360482245511,1.5011843269938463,3.4706923492999575,4.462869022517983,2.2518179759403925,1.0253244928982774,1.7685523351515602,4.811999999999999
2020-09-30,356.491,2.532,7.729,4.417,32.403,89.09,2.242,9.532,2.71,5.8763089940938835,1.404624622745354,4.71478087181294,2.876,3.221,7.688,7.648,0.0139485118483726,0.0460700954851232,-0.6882167792547693,-0.9389433548695664,-0.4429747511282368,0.0469240878794094,1.3819698154141182,0.858444704648795,0.7099288113149371,5.8763089940938835,1.4854607326143894,3.478251011104447,4.489647094732552,2.2546545592364957,0.9969486348916096,1.7709288427176586,5.197
2020-12-31,361.483,2.183,7.77,4.345,32.649,91.47,2.313,9.558,2.632,5.890215014213658,1.4003158565012883,5.226648191704886,2.532,2.876,7.729,7.688,0.0139060201197747,0.0509463920450867,-0.7662857532472062,-0.9269898757551364,-0.4851753823759403,0.1346226680756905,1.5346684044494523,1.0185644315109117,0.7242659801735355,5.890215014213658,1.4690257587173554,3.4858142273820345,4.516011049668273,2.2573785001559665,0.9677440134630708,1.7732925019570795,5.587
2021-03-31,366.475,1.835,7.811,4.273,32.896,93.85,2.383,9.585,2.554,5.903930306176095,1.3809778053186506,5.729395065432641,2.183,2.532,7.77,7.729,0.0137152919624368,0.0557127672364545,-0.8441310339044211,-0.915036396640706,-0.5273760136236437,0.2226777465654515,1.6873669934847864,1.1764289509524342,0.7391545786036192,5.903930306176095,1.4523161566618878,3.4933510698326997,4.541697763032518,2.260199376497608,0.9376607576103475,1.7756182827190286,5.976
2021-06-30,378.057,2.161,7.861,4.287,32.759,93.744,2.183,9.396,4.029,5.9350449779021615,3.160379289173876,7.539119279312079,1.835,2.183,7.811,7.77,0.0311146717260664,0.0726844956566505,-0.7712070066220875,-0.9004589830865228,-0.5191703353254791,0.1738374803585798,1.6805661319563223,0.7253874668337967,0.6349343895930376,5.9350449779021615,1.45558718761584,3.4891777334884453,4.540567662802433,2.2402840667966664,1.3935182062092102,1.7808746064494547,5.699999999999999
2021-09-30,389.767,2.49,7.911,4.301,32.62,93.637,1.98,9.205,5.521,5.965549124690318,3.097416527137442,9.334316995379965,2.161,1.835,7.861,7.811,0.0305041467881563,0.0892401305964343,-0.6976118993340883,-0.8858815695323397,-0.5109646570273143,0.1242842175647456,1.6737011113568347,0.2675803604533807,0.5296113414394865,5.965549124690318,1.4588475538015993,3.4849255971928677,4.539425604518723,2.219746814685041,1.7085590033019076,1.7860011090982897,5.420999999999999
2021-12-31,401.606,2.823,7.962,4.315,32.48,93.529,1.775,9.012,7.029,5.995471508504959,3.037455710719472,11.099553782612182,2.49,2.161,7.911,7.861,0.0299223838146414,0.105256494291301,-0.6231220187052017,-0.8710126077070729,-0.5027589787291497,0.0743744564774315,1.6667719316863234,-0.1947371607682223,0.423185434142967,5.995471508504959,1.4620973245353914,3.480624515293477,4.538271548632647,2.198557022569998,1.9500444481937682,1.7910044356794426,5.138999999999999
2022-03-31,413.445,3.157,8.013,4.329,32.34,93.42,1.57,8.819,8.538,6.0245244947343055,2.947914124788964,12.81669963844736,2.823,2.49,7.962,7.911,0.0290529862293462,0.1205941885582104,-0.5484084447410931,-0.856143645881806,-0.4945533004309855,0.0244646953901198,1.6597785929447897,-0.6570546819898248,0.3167595268464475,6.0245244947343055,1.4653365684598434,3.4763048541489607,4.537105455073962,2.176908484906044,2.1445267883357704,1.795838554226411,4.856
2022-06-30,418.478,3.18,8.336,4.313,32.169,91.706,1.588,8.826,7.681,6.036624319850017,1.2173324142268127,10.691773991752562,3.157,2.823,8.013,7.962,0.0120998251157118,0.1015793419478559,-0.5432634980309897,-0.7619735543217826,-0.5039312184860307,-0.0364965127951016,1.5498099452109395,-0.6164609484191474,0.3206195338468391,6.036624319850017,1.461633717665706,3.471003255906118,4.518587807874375,2.1777019108473556,2.0387497470165448,1.7978449682688722,5.156000000000001
2022-09-30,423.568,3.204,8.663,4.297,31.996,89.972,1.607,8.833,6.816,6.048714067908676,1.216312446532419,8.672104103220635,3.18,3.157,8.336,8.013,0.012089748058659,0.0831649432183585,-0.5378948579856646,-0.6666372696774248,-0.5133091365410759,-0.0981707175672818,1.438558116056624,-0.5736120074278771,0.3244795408472309,6.048714067908676,1.457917104792858,3.4656108949865754,4.499498510814052,2.178494707762995,1.9192727895270145,1.7998456986917397,5.459
2022-12-31,428.713,3.229,8.993,4.281,31.821,88.22,1.626,8.84,5.94,6.060787697380223,1.2146809957314986,6.749650154629161,3.204,3.18,8.663,8.336,0.0120736294715468,0.065316188875264,-0.5323025246051175,-0.570426340219816,-0.5226870545961211,-0.1605579189264232,1.3261514236238905,-0.5307630664366069,0.3283395478476226,6.060787697380223,1.454186627162809,3.460126449191443,4.479833694676794,2.179286876649552,1.7817091333745536,1.8018397747001997,5.764
2023-03-31,433.858,3.253,9.323,4.264,31.647,86.467,1.645,8.848,5.065,6.072717291622333,1.2001035657887682,4.937295166225253,3.229,3.204,8.993,8.663,0.01192959424211,0.0481927968880278,-0.5269338845597924,-0.4742154107622071,-0.5326510925296063,-0.2225886219920859,1.2136805721201338,-0.4879141254453361,0.3327509844194996,6.072717291622333,1.4502076868635434,3.4546433573677815,4.4597628382569185,2.1801914447799793,1.6223541377006467,1.803806164147754,6.07
2023-06-30,444.345,3.344,9.646,4.257,31.379,87.376,1.634,8.855,5.565,6.096601287730042,2.417150311853189,6.181209048026415,3.253,3.229,9.323,8.993,0.0238839961077088,0.0599769678800248,-0.5065777910546011,-0.3800453192021837,-0.5367539316786889,-0.3181301646449431,1.2720011676802685,-0.5127214070718613,0.3366109914198913,6.096601287730042,1.4485646868460151,3.4461388793656242,4.470220645409798,2.180982271234797,1.7164969847275082,1.8077314499587467,6.302000000000001
2023-09-30,454.948,3.435,9.972,4.249,31.109,88.296,1.624,8.862,6.07,6.120183126705554,2.3862089142445475,7.408491670758877,3.344,3.253,9.646,9.323,0.0235818389755122,0.071469058796878,-0.4862216975494098,-0.2850005828289099,-0.5414428907062115,-0.4143847038847627,1.331027513021658,-0.5352734812777927,0.340470998420283,6.120183126705554,1.4466836611326745,3.437497166387773,4.480694806470583,2.181772472777298,1.803358605071407,1.811592018740867,6.536999999999999
2023-12-31,465.668,3.528,10.303,4.242,30.836,89.225,1.613,8.87,6.58,6.143472933863206,2.356313248986708,8.619985864669367,3.435,3.344,9.972,9.646,0.0232898071576519,0.0826852364829831,-0.4654182173737748,-0.188498105100217,-0.5455457298552936,-0.511708738005026,1.3906312900022564,-0.5600807629043181,0.344882434992159,6.143472933863206,1.4450348561424906,3.4286828385970156,4.491161269376224,2.182674796321488,1.884034745337226,1.8153902066615488,6.775
2024-03-31,476.388,3.621,10.633,4.234,30.563,90.154,1.602,8.877,7.091,6.166232648247022,2.3020692854136326,9.802746520751016,3.528,3.435,10.303,9.972,0.0227597143838158,0.0935153566246889,-0.4446147371981398,-0.0922871756426086,-0.5502346888828162,-0.6090327721252882,1.4502350669828554,-0.5848880445308429,0.3487424419925518,6.166232648247022,1.4431471727126735,3.419790127019469,4.501519319158607,2.1834636620861825,1.9588263743218597,1.8190880595739372,7.011999999999999
2024-06-30,486.992,3.713,10.959,4.226,30.293,91.073,1.582,8.885,7.596,6.188247695842941,2.2259166897570903,9.597722490407223,3.621,3.528,10.633,10.303,0.0220150475959188,0.0916464081128989,-0.4240349503577266,0.0027575607306656,-0.5549236479103388,-0.7052873113651078,1.5091972532532218,-0.6299921929427066,0.3531538785644277,6.188247695842941,1.441255919193865,3.4109166627230656,4.511661382730365,2.1843644616066147,2.0276217929500393,1.8226519603264688,7.2459999999999996
2024-09-30,497.595,3.805,11.286,4.219,30.023,91.993,1.563,8.892,8.101,6.209786493142975,2.1772431579984985,9.374038351635791,3.713,3.621,10.959,10.633,0.0215387973000336,0.0896033664374202,-0.4034551635173135,0.0980938453750235,-0.5590264870594209,-0.8015418506049274,1.5682235985946116,-0.6728411339339774,0.3570138855648194,6.209786493142975,1.4395981331422016,3.4019637545900565,4.521712487197759,2.18515199610195,2.0919875108483543,1.8261265142179457,7.481
2024-12-31,508.315,3.897,11.616,4.211,29.75,92.922,1.543,8.9,8.612,6.231101334149253,2.1543624835458575,9.15824149393989,3.805,3.713,11.286,10.959,0.0213148410062782,0.0876284002860465,-0.3828753766769004,0.1943047748326324,-0.5637154460869435,-0.8988658847251896,1.6278273755752108,-0.7179452823458411,0.3614253221366964,6.231101334149253,1.4377001491797907,3.392829131991639,4.531760431562092,2.186051276738094,2.1531565795021166,1.8295530963329514,7.718999999999999
2025-03-31,519.035,3.99,11.946,4.204,29.477,93.851,1.523,8.907,9.123,6.251971318271667,2.108928518733455,8.952156645423482,3.897,3.805,11.616,11.286,0.020869984122414,0.0857386700246447,-0.3620718965012653,0.2905157042902412,-0.5678182852360261,-0.9961899188454516,1.68743115255581,-0.7630494307577048,0.3652853291370881,6.251971318271667,1.4360364530147047,3.383610298235104,4.541708418276762,2.1868374844497325,2.2107986973633373,1.8328968249402084,7.9559999999999995
