feature,mean,scale
gdp_raw,192.56500806451615,157.72589603775032
inflation,5.5563951612903235,4.407000446171662
interest_rate,10.981685483870967,3.3787783542589236
fdi_pct_gdp,5.141524193548386,1.6870972612062145
investment_pct_gdp,32.181233870967745,2.8032694912308487
export_pct_gdp,68.39866935483873,16.02151853970444
unemployment_rate,1.8504354838709678,0.4402850477327432
gov_spending_pct_gdp,8.265935483870969,1.7878142301828008
gdp_growth,6.605016129032259,1.3698373460300182
log_gdp,4.799547654107643,1.0510953844046542
gdp_qoq_pct_recalc,2.7134348259691508,1.7528226537392626
gdp_yoy_pct_recalc,11.477100690346905,6.787250851022696
inflation_lag1,5.5691300813008136,4.404736656767733
inflation_lag2,5.608225806451611,4.411281718573906
interest_rate_lag1,10.973845528455282,3.3776593943728974
interest_rate_lag2,11.163443548387098,3.7731198934945316
log_gdp_diff1,0.025809112344982264,0.017388657574909587
log_gdp_diff4,0.10366400160626979,0.0597161938550077
inflation_scaled,-0.011679738596815271,0.9858166281284614
interest_rate_scaled,0.009371474331942735,0.9850769875590938
fdi_pct_gdp_scaled,-0.018316718878581825,0.9888412416551915
investment_pct_gdp_scaled,-0.032135158672436055,0.9993607897906271
export_pct_gdp_scaled,0.054433262985670486,1.0279257458892102
unemployment_rate_scaled,-0.02461449776637823,0.9929341068231068
gov_spending_pct_gdp_scaled,0.011783397714100145,0.9858536348436975
log_gdp_raw,4.799547654107643,1.0510953844046542
log_fdi_pct_gdp,1.5936928276189624,0.2808793279833471
log_investment_pct_gdp,3.4676641286190013,0.0858656781522
log_export_pct_gdp,4.196327970160831,0.24522919962114104
log_gov_spending_pct_gdp,2.0869865237765155,0.2284487906751953
log_gdp_growth,1.8619483053043187,0.24189721707007797
log_log_gdp,1.5427793617528425,0.23095219384221588
real_interest_rate,5.425290322580646,3.868907526417615
n_comments,3037.032258064516,1424.7579587055836
n_unique_authors,2085.766129032258,958.5458922568262
like_sum,9409.75,4698.350773830282
like_mean,2.6198878782052475,1.102699699808248
avg_sentiment,0.03257339958770891,0.018087668874301473
median_sentiment,0.0,1.0
std_sentiment,0.21721754139791444,0.0949672533005162
positive_ratio,0.11052912488964287,0.07834375484858361
negative_ratio,0.0542203381633381,0.07104147096684832
neutral_ratio,0.835250536947019,0.14760118276160883
net_sentiment,0.05630878672630475,0.024148703675170476
weighted_sentiment_like,0.026386124004507048,0.02990055976255481
p10_sentiment,-0.048802983870967744,0.16542880834550144
p90_sentiment,0.07863612903225808,0.2166727728541497
gdp_raw_lag1,189.91078048780489,154.9546147274981
gdp_raw_lag4,181.682675,146.02980207169836
gdp_raw_diff1,4.043349593495935,3.3749543628545022
gdp_raw_diff4,16.52858333333333,12.072023252654644
gdp_raw_qoq_pct,0.026302757308306484,0.018070210206452386
gdp_raw_yoy_pct,0.11132324519421198,0.06886893544409468
inflation_lag4,5.608608333333334,4.397711504011313
inflation_diff1,-0.028756097560975646,1.2873049074956224
inflation_diff4,-0.08709166666666666,3.8794706219256776
interest_rate_lag4,10.949541666666669,3.374188260556119
interest_rate_diff1,-0.1010081300813008,0.5902709942972197
interest_rate_diff4,-0.34310000000000007,1.9208957310789723
interest_rate_qoq_pct,-0.004830948444573281,0.043131921363255936
interest_rate_yoy_pct,-0.0099485915567631,0.14106892215760303
fdi_pct_gdp_lag1,5.149146341463414,1.6849781068881482
fdi_pct_gdp_lag4,5.172775000000001,1.6783917247333011
fdi_pct_gdp_diff1,-0.037886178861788626,0.30889342569816686
fdi_pct_gdp_diff4,-0.1694583333333333,1.0846487605689519
fdi_pct_gdp_qoq_pct,-0.004659048276361871,0.05527012743223891
fdi_pct_gdp_yoy_pct,-0.0074836567277172215,0.22431129597755753
investment_pct_gdp_lag1,32.20321951219512,2.792644897723954
investment_pct_gdp_lag4,32.271375,2.7594487033045847
investment_pct_gdp_diff1,0.017040650406504064,0.4286711161021064
investment_pct_gdp_diff4,0.05785833333333333,1.4280801476098293
investment_pct_gdp_qoq_pct,0.0006793879408564944,0.012561205256575284
investment_pct_gdp_yoy_pct,0.0029506522331930237,0.04231677064091223
export_pct_gdp_lag1,68.19173983739839,15.856298995035317
export_pct_gdp_lag4,67.55025833333335,15.332808564504392
export_pct_gdp_diff1,0.48009756097560974,0.9925654802047567
export_pct_gdp_diff4,1.8674250000000001,3.3165381549540665
export_pct_gdp_qoq_pct,0.008228762745378064,0.01609600658318102
export_pct_gdp_yoy_pct,0.03222365919646593,0.052162433343864105
unemployment_rate_lag1,1.8530975609756097,0.43929405271658717
unemployment_rate_lag4,1.8613499999999998,0.4362076608532876
unemployment_rate_diff1,-0.0034634146341463445,0.09532958893829337
unemployment_rate_diff4,-0.013883333333333334,0.2958346907435161
unemployment_rate_qoq_pct,-0.000600684863924561,0.052577805235466575
unemployment_rate_yoy_pct,0.006175274459592074,0.16729063901757885
gov_spending_pct_gdp_lag1,8.260723577235773,1.7868795575636653
gov_spending_pct_gdp_lag4,8.244566666666667,1.7839789604092298
gov_spending_pct_gdp_diff1,0.005520325203252035,0.22574565867984775
gov_spending_pct_gdp_diff4,0.020558333333333338,0.7431448518966793
gov_spending_pct_gdp_qoq_pct,0.001090133296309288,0.031019906511368087
gov_spending_pct_gdp_yoy_pct,0.007827413240128155,0.11756482688228681
gdp_growth_lag1,6.584544715447154,1.3508914335931526
gdp_growth_lag4,6.5210833333333325,1.2903925483214174
gdp_growth_diff1,-0.0029918699186991886,0.43912722265463155
gdp_growth_diff4,-0.009758333333333334,1.3823877251022743
gdp_growth_qoq_pct,0.0033829453968346433,0.09002734010546393
gdp_growth_yoy_pct,0.03797763833819209,0.3339589673346453
log_gdp_lag1,4.787739331634764,1.0429049909378514
log_gdp_lag4,4.751133531968842,1.0170957135110965
log_gdp_qoq_pct,0.00578805148501388,0.004209974867209625
log_gdp_yoy_pct,0.02331241954185735,0.014796547353839952
gdp_qoq_pct_recalc_lag1,2.7183495113938303,1.7519749704616931
gdp_qoq_pct_recalc_lag4,2.7335850362103398,1.7493445419009446
gdp_qoq_pct_recalc_diff1,-0.019490739303557377,1.0806397159811334
gdp_qoq_pct_recalc_diff4,-0.07589308442082668,2.1071576108578474
gdp_qoq_pct_recalc_qoq_pct,0.07996831294180969,0.5941047552021141
gdp_qoq_pct_recalc_yoy_pct,0.30570923472413236,1.0511815880146973
log_gdp_qoq_pct_recalc,0.8018060358918263,0.6555473194328636
gdp_yoy_pct_recalc_lag1,11.497628690712135,6.783431437143885
gdp_yoy_pct_recalc_lag4,11.56126549184435,6.77157756363871
gdp_yoy_pct_recalc_diff1,-0.05825553483646911,2.3965596588807307
gdp_yoy_pct_recalc_diff4,-0.2388476928295232,6.721569825502879
gdp_yoy_pct_recalc_qoq_pct,0.017706655823296513,0.2205721412730546
gdp_yoy_pct_recalc_yoy_pct,0.15176653465033343,0.7177468538304317
log_gdp_yoy_pct_recalc,2.2772120413670724,0.5826869761932185
inflation_lag1_lag1,5.582073770491804,4.402434563211061
inflation_lag1_lag4,5.622210084033612,4.395288472447679
inflation_lag1_diff1,-0.02899180327868854,1.2873022961009588
inflation_lag1_diff4,-0.08782352941176474,3.87946267198689
inflation_lag2_lag1,5.622886178861787,4.408284296499277
inflation_lag2_lag4,5.668333333333332,4.398979308542977
inflation_lag2_diff1,-0.030260162601626017,1.2872171022578651
inflation_lag2_diff4,-0.11895833333333329,3.883508518029826
interest_rate_lag1_lag1,10.965877049180326,3.3765217108970544
interest_rate_lag1_lag4,10.941168067226892,3.372991496310464
interest_rate_lag1_diff1,-0.1018360655737705,0.590200722562928
interest_rate_lag1_diff4,-0.3459831932773109,1.9206465308596263
interest_rate_lag2_lag1,11.162447154471545,3.7731037112941235
interest_rate_lag2_lag4,11.159358333333335,3.7730535460317975
interest_rate_lag2_diff1,-0.1063739837398374,0.5878431653685771
interest_rate_lag2_diff4,-0.4243583333333334,1.9528596186760008
interest_rate_lag2_qoq_pct,-0.0052996383388087456,0.04292143143758499
interest_rate_lag2_yoy_pct,-0.014390314071246363,0.14110481049749501
log_gdp_diff1_lag1,0.02602066244617064,0.0172322234068865
log_gdp_diff1_lag4,0.026676645533048896,0.016737852830299344
log_gdp_diff1_diff1,-0.0003612874570446714,0.010491227378648542
log_gdp_diff1_diff4,-0.0012557409784107586,0.020408298452909993
log_gdp_diff4_lag1,0.10453512767018801,0.05897993252321044
log_gdp_diff4_lag4,0.10614570483683226,0.05809450920427253
log_gdp_diff4_diff1,-0.0012557409784107586,0.020408298452909993
log_gdp_diff4_diff4,-0.002926928502794076,0.0573737103635043
inflation_scaled_lag1,-0.008831021865884782,0.9853102335264562
inflation_scaled_lag4,-2.6636399179514847e-16,0.9837387536759296
inflation_scaled_diff1,-0.006432547371380459,0.2879615282051921
inflation_scaled_diff4,-0.01948182538669909,0.8678117223138638
interest_rate_scaled_lag1,0.007085748885127299,0.9847507567389111
interest_rate_scaled_lag4,-5.461581008236657e-16,0.9837387536759294
interest_rate_scaled_diff1,-0.029448745690597005,0.17209248785818923
interest_rate_scaled_diff4,-0.10003021180880485,0.5600338293280636
fdi_pct_gdp_scaled_lag1,-0.013849226469171708,0.98759916318389
fdi_pct_gdp_scaled_lag4,-3.482877069186983e-16,0.9837387536759297
fdi_pct_gdp_scaled_diff1,-0.02220584254903995,0.181048577121225
fdi_pct_gdp_scaled_diff4,-0.09932289773403337,0.6357341996951229
investment_pct_gdp_scaled_lag1,-0.02429731509379365,0.995573140336492
investment_pct_gdp_scaled_lag4,-2.2034345674213793e-15,0.9837387536759294
investment_pct_gdp_scaled_diff1,0.006074962789721837,0.15282052135491678
investment_pct_gdp_scaled_diff4,0.020626397096977413,0.5091081355767331
export_pct_gdp_scaled_lag1,0.04115685737940918,1.0173254133883547
export_pct_gdp_scaled_lag4,-8.505740914466925e-16,0.9837387536759296
export_pct_gdp_scaled_diff1,0.03080261351272313,0.06368207913968299
export_pct_gdp_scaled_diff4,0.11981225320559218,0.21278600703501568
unemployment_rate_scaled_lag1,-0.018610961725798337,0.9906992075089008
unemployment_rate_scaled_lag4,-6.76877908561789e-16,0.9837387536759293
unemployment_rate_scaled_diff1,-0.007810718383517857,0.21498799637573712
unemployment_rate_scaled_diff4,-0.03130979635590206,0.6671685898336673
gov_spending_pct_gdp_scaled_lag1,0.00890939827163683,0.985338228721849
gov_spending_pct_gdp_scaled_lag4,5.407860539303182e-16,0.9837387536759293
gov_spending_pct_gdp_scaled_diff1,0.0030440705612846757,0.12448283183032784
gov_spending_pct_gdp_scaled_diff4,0.011336472940436715,0.4097920472323416
log_gdp_raw_lag1,4.787739331634764,1.0429049909378514
log_gdp_raw_lag4,4.751133531968842,1.0170957135110965
log_gdp_raw_diff1,0.025809112344982264,0.017388657574909587
log_gdp_raw_diff4,0.10366400160626979,0.05971619385500769
log_gdp_raw_qoq_pct,0.005788051485013879,0.0042099748672096236
log_gdp_raw_yoy_pct,0.02331241954185735,0.014796547353839949
log_log_gdp_raw,1.5427793617528425,0.23095219384221588
log_fdi_pct_gdp_lag1,1.5949745867620864,0.28051937435541924
log_fdi_pct_gdp_lag4,1.598948040105771,0.27940057111597205
log_fdi_pct_gdp_diff1,-0.00606472908122133,0.05126886671744465
log_fdi_pct_gdp_diff4,-0.026402623672438934,0.17801291959925372
log_fdi_pct_gdp_qoq_pct,-0.002901119062073937,0.032527749721998574
log_fdi_pct_gdp_yoy_pct,-0.008437125158086976,0.11945132791139725
log_log_fdi_pct_gdp,0.45198515685872365,0.16382465087367953
log_investment_pct_gdp_lag1,3.4683474930936673,0.08553055175136692
log_investment_pct_gdp_lag4,3.4704659229651305,0.08448321216547722
log_investment_pct_gdp_diff1,0.0005996825693679211,0.01255897496629837
log_investment_pct_gdp_diff4,0.002024562575729279,0.04227752978541462
log_investment_pct_gdp_qoq_pct,0.000185632826169006,0.003570067481115076
log_investment_pct_gdp_yoy_pct,0.0006790568359086378,0.012042302272506368
log_log_investment_pct_gdp,1.243176041342317,0.024677451057033093
log_export_pct_gdp_lag1,4.193519999037937,0.2432437913331064
log_export_pct_gdp_lag4,4.184815288556967,0.23698334375113098
log_export_pct_gdp_diff1,0.008066014370255233,0.01602219900606834
log_export_pct_gdp_diff4,0.030348194166649235,0.051931595672706624
log_export_pct_gdp_qoq_pct,0.0020139215663007833,0.004006709065972111
log_export_pct_gdp_yoy_pct,0.007574566671758838,0.01280248807622293
log_log_export_pct_gdp,1.4324685182174393,0.05931868342868321
log_gov_spending_pct_gdp_lag1,2.0861747273482782,0.2282713107416887
log_gov_spending_pct_gdp_lag4,2.0836581584207416,0.2277202439018405
log_gov_spending_pct_gdp_diff1,0.0006446708346261939,0.029097251249687865
log_gov_spending_pct_gdp_diff4,0.0023924390743627596,0.09607503142795194
log_gov_spending_pct_gdp_qoq_pct,0.00040987094561881904,0.015065753611488524
log_gov_spending_pct_gdp_yoy_pct,0.0023729011137632356,0.05257783985127565
log_log_gov_spending_pct_gdp,0.7294896149388429,0.11274200394154657
log_gdp_growth_lag1,1.8591121232550585,0.23984340809455904
log_gdp_growth_lag4,1.8503199589023513,0.23336175870292897
log_gdp_growth_diff1,-0.000321506372235916,0.08420145290103921
log_gdp_growth_diff4,-0.0010522427875717729,0.2610445581396522
log_gdp_growth_qoq_pct,0.0016419686960280613,0.06276051753188598
log_gdp_growth_yoy_pct,0.015947811254557673,0.20016470231110228
log_log_gdp_growth,0.6111211541293577,0.15406669961324593
log_log_gdp_lag1,1.5404206831903438,0.22946594954264096
log_log_gdp_lag4,1.5331087796465972,0.22479615453188556
log_log_gdp_diff1,0.0057625636628424225,0.004175065798022538
log_log_gdp_diff4,0.022937855640702734,0.014354853624969197
log_log_gdp_qoq_pct,0.00398767071899417,0.003112667478406033
log_log_gdp_yoy_pct,0.015875495491957617,0.010780843647779046
log_log_log_gdp,0.4217307709184943,0.15616080287155076
real_interest_rate_lag1,5.404715447154472,3.862172498946435
real_interest_rate_lag4,5.340933333333334,3.841218868917096
real_interest_rate_diff1,-0.07225203252032521,0.9004556874474091
real_interest_rate_diff4,-0.25600833333333334,2.74712016510849
n_comments_lag1,3059.227642276423,1403.3321509950024
n_comments_lag4,3130.0666666666666,1330.4148318217078
n_comments_diff1,-28.05691056910569,473.73107760002483
n_comments_diff4,-117.06666666666666,726.764756869757
n_comments_qoq_pct,0.6235631128228389,5.873556636524339
n_comments_yoy_pct,3.7945762876954503,27.48729524622763
n_unique_authors_lag1,2100.528455284553,944.4603197423354
n_unique_authors_lag4,2147.9333333333334,895.9106444259377
n_unique_authors_diff1,-18.666666666666664,364.19205024597335
n_unique_authors_diff4,-78.17500000000001,521.9535367793303
n_unique_authors_qoq_pct,0.5590473977120509,5.166399169016043
n_unique_authors_yoy_pct,3.9765170723239405,30.035216962636508
like_sum_lag1,9484.69918699187,4624.236388461377
like_sum_lag4,9719.0,4382.395809629485
like_sum_diff1,-94.60162601626016,1061.0574437935184
like_sum_diff4,-389.82500000000005,2077.0467195519727
like_mean_lag1,2.6361296508968874,1.0878877795051616
like_mean_lag4,2.687505174743793,1.0381259440818893
like_mean_diff1,-0.02052847889175638,0.5443655426532861
like_mean_diff4,-0.08519279195902284,0.6665392185969818
avg_sentiment_lag1,0.032015099587005186,0.016994846328805786
avg_sentiment_lag4,0.0310883257984977,0.015631373531900125
avg_sentiment_diff1,0.0005828039005696157,0.02107487857656108
avg_sentiment_diff4,0.0015855397786613675,0.02228415306514031
median_sentiment_lag1,0.0,1.0
median_sentiment_lag4,0.0,1.0
median_sentiment_diff1,0.0,1.0
median_sentiment_diff4,0.0,1.0
std_sentiment_lag1,0.21500726875143822,0.09174904175694605
std_sentiment_lag4,0.20823260356186724,0.08122029732833577
std_sentiment_diff1,0.0023561724227108356,0.08398045462104695
std_sentiment_diff4,0.009583126918609242,0.08879193777547076
positive_ratio_lag1,0.10801151257379109,0.0731992089827803
positive_ratio_lag4,0.10157352556136369,0.06089635065907023
positive_ratio_diff1,0.0026806649068236367,0.042433197707601886
positive_ratio_diff4,0.009624114951263729,0.05463959771498276
negative_ratio_lag1,0.052436636561583504,0.0682316264970213
negative_ratio_lag4,0.046638079015822495,0.057552128304051514
negative_ratio_diff1,0.0019346208998110431,0.04403854516272193
negative_ratio_diff4,0.008201028269547044,0.0471993679376389
neutral_ratio_lag1,0.8395518508646255,0.13967980912872532
neutral_ratio_lag4,0.851788395422814,0.11646113929562049
neutral_ratio_diff1,-0.004615285806634678,0.08103982590809873
neutral_ratio_diff4,-0.017825143220810767,0.09670766955007386
neutral_ratio_qoq_pct,-9.989864869434973e-05,0.11745612863818737
neutral_ratio_yoy_pct,-0.02012361195928832,0.11866102768753962
net_sentiment_lag1,0.05557487601220755,0.02273563331051924
net_sentiment_lag4,0.05493544654554117,0.02186387490366207
net_sentiment_diff1,0.0007460440070125936,0.030207384399648225
net_sentiment_diff4,0.0014230866817166842,0.03277435879661498
weighted_sentiment_like_lag1,0.026192569130608932,0.029823404650396915
weighted_sentiment_like_lag4,0.0256848915860636,0.028917533830116682
weighted_sentiment_like_diff1,0.00019267688907857226,0.04572907632155361
weighted_sentiment_like_diff4,0.0006976326806833015,0.04666500800820759
p10_sentiment_lag1,-0.044507073170731715,0.158419519741259
p10_sentiment_lag4,-0.03065141666666667,0.13220536352825643
p10_sentiment_diff1,-0.004692682926829268,0.08730159642771543
p10_sentiment_diff4,-0.019778333333333332,0.1094633330812072
p90_sentiment_lag1,0.0729029268292683,0.20713311848606158
p90_sentiment_lag4,0.05516416666666667,0.17436064581032176
p90_sentiment_diff1,0.0063725203252032615,0.08957799495405948
p90_sentiment_diff4,0.02609316666666668,0.12388495883592798
