month,topic,n_comments,n_unique_authors,like_sum,like_mean,avg_sentiment,median_sentiment,std_sentiment,positive_ratio,negative_ratio,neutral_ratio,net_sentiment,weighted_sentiment_like,p10_sentiment,p90_sentiment,was_missing_period,month_end
2019-07,all,3054.0,2062.0,9337.0,3.0573018991486576,0.02889718402095612,0.0,0.20095602131082113,0.09070072036673216,0.03700065487884741,0.8722986247544204,0.053700065487884745,0.009376329594060205,0.0,0.0,0,2019-07-31
2019-08,all,510.0,388.0,1896.0,3.7176470588235295,0.036242156862745095,0.0,0.18519286279845698,0.09215686274509804,0.025490196078431372,0.8823529411764706,0.06666666666666668,0.11680054031587699,0.0,0.0,0,2019-08-31
2019-09,all,194.0,156.0,594.0,3.0618556701030926,0.022416494845360825,0.0,0.20870428700826804,0.08247422680412371,0.041237113402061855,0.8762886597938144,0.041237113402061855,0.019932233502538074,0.0,0.0,0,2019-09-30
2019-10,all,178.0,143.0,135.0,0.7584269662921348,0.037405056179775284,0.0,0.19788047590061075,0.07865168539325842,0.02247191011235955,0.898876404494382,0.056179775280898875,0.04600479233226837,0.0,0.0,0,2019-10-31
2019-11,all,89.0,75.0,30.0,0.33707865168539325,-0.008742696629213483,0.0,0.1493070660567133,0.056179775280898875,0.056179775280898875,0.8876404494382022,0.0,0.02641260504201681,0.0,0.0,0,2019-11-30
2019-12,all,85.0,76.0,174.0,2.0470588235294116,0.02115882352941176,0.0,0.22810835003511443,0.10588235294117647,0.058823529411764705,0.8352941176470589,0.047058823529411764,-0.004954440154440154,0.0,0.12138000000000172,0,2019-12-31
2020-01,all,112.0,94.0,137.0,1.2232142857142858,-0.01791696428571429,0.0,0.17395234611418536,0.026785714285714284,0.05357142857142857,0.9196428571428571,-0.026785714285714284,0.04574779116465863,0.0,0.0,0,2020-01-31
2020-02,all,88.0,77.0,52.0,0.5909090909090909,0.02226931818181818,0.0,0.14370780568786695,0.09090909090909091,0.03409090909090909,0.875,0.05681818181818182,0.020552142857142856,0.0,0.0,0,2020-02-29
2020-03,all,50.0,47.0,34.0,0.68,0.019756,0.0,0.19715465405697766,0.06,0.04,0.9,0.019999999999999997,0.01175952380952381,0.0,0.0,0,2020-03-31
2020-04,all,44.0,38.0,28.0,0.6363636363636364,0.06657954545454546,0.0,0.20759153383680853,0.11363636363636363,0.0,0.8863636363636364,0.11363636363636363,0.050783333333333326,0.0,0.20720000000000083,0,2020-04-30
2020-05,all,12.0,11.0,1.0,0.08333333333333333,0.076275,0.0,0.26422435069463224,0.08333333333333333,0.0,0.9166666666666666,0.08333333333333333,0.07040769230769231,0.0,0.0,0,2020-05-31
2020-06,all,53.0,48.0,22.0,0.41509433962264153,0.040901886792452824,0.0,0.22048942630374865,0.11320754716981132,0.03773584905660377,0.8490566037735849,0.07547169811320756,0.12067733333333334,0.0,0.23680000000000126,0,2020-06-30
2020-07,all,80.0,69.0,32.0,0.4,0.02330125,0.0,0.19710132746776965,0.075,0.0375,0.8875,0.0375,0.021053571428571425,0.0,0.0,0,2020-07-31
2020-08,all,46.0,34.0,7.0,0.15217391304347827,0.041067391304347826,0.0,0.16396882637914623,0.06521739130434782,0.0,0.9347826086956522,0.06521739130434782,0.05005094339622641,0.0,0.0,0,2020-08-31
2020-09,all,36.0,34.0,8.0,0.2222222222222222,0.061447222222222236,0.0,0.18277687019362646,0.1111111111111111,0.0,0.8888888888888888,0.1111111111111111,0.05027500000000001,0.0,0.1909,0,2020-09-30
2020-10,all,52.0,46.0,13.0,0.25,0.03361730769230769,0.0,0.16801815462266403,0.057692307692307696,0.019230769230769232,0.9230769230769231,0.038461538461538464,0.00867846153846154,0.0,0.0,0,2020-10-31
2020-11,all,31.0,25.0,2.0,0.06451612903225806,0.10906129032258066,0.0,0.28213196637675236,0.16129032258064516,0.0,0.8387096774193549,0.16129032258064516,0.10245151515151517,0.0,0.7506,0,2020-11-30
2020-12,all,6.0,6.0,1.0,0.16666666666666666,0.0,0.0,0.0,0.0,0.0,1.0,0.0,0.0,0.0,0.0,0,2020-12-31
2021-01,all,1.0,1.0,0.0,0.0,0.0,0.0,0.0,0.0,0.0,1.0,0.0,0.0,0.0,0.0,0,2021-01-31
2021-02,all,4.0,4.0,1.0,0.25,0.0,0.0,0.0,0.0,0.0,1.0,0.0,0.0,0.0,0.0,0,2021-02-28
2021-03,all,9.0,6.0,0.0,0.0,0.0,0.0,0.0,0.0,0.0,1.0,0.0,0.0,0.0,0.0,0,2021-03-31
2021-04,all,9.0,8.0,1.0,0.1111111111111111,0.06345555555555556,0.0,0.16342336974183888,0.2222222222222222,0.0,0.7777777777777778,0.2222222222222222,0.05711000000000001,0.0,0.16054000000000007,0,2021-04-30
2021-05,all,9.0,7.0,0.0,0.0,0.0,0.0,0.0,0.0,0.0,1.0,0.0,0.0,0.0,0.0,0,2021-05-31
2021-06,all,9.0,9.0,0.0,0.0,-0.09012222222222223,0.0,0.34049013854213817,0.1111111111111111,0.2222222222222222,0.6666666666666666,-0.1111111111111111,-0.09012222222222223,-0.5859800000000001,0.08932000000000008,0,2021-06-30
2021-07,all,2.0,2.0,0.0,0.0,0.0,0.0,0.0,0.0,0.0,1.0,0.0,0.0,0.0,0.0,0,2021-07-31
2021-08,all,4.0,3.0,0.0,0.0,0.0,0.0,0.0,0.0,0.0,1.0,0.0,0.0,0.0,0.0,0,2021-08-31
2021-09,all,3.0,3.0,0.0,0.0,0.09866666666666667,0.0,0.1708956796801292,0.3333333333333333,0.0,0.6666666666666666,0.3333333333333333,0.09866666666666667,0.0,0.2368,0,2021-09-30
2021-10,all,5.0,3.0,0.0,0.0,0.0,0.0,0.0,0.0,0.0,1.0,0.0,0.0,0.0,0.0,0,2021-10-31
2021-11,all,1.0,1.0,0.0,0.0,0.4033,0.4033,0.0,1.0,0.0,0.0,1.0,0.4033,0.4033,0.4033,0,2021-11-30
2021-12,all,4.0,4.0,0.0,0.0,0.239875,0.0,0.47975,0.25,0.0,0.75,0.25,0.239875,0.0,0.6716500000000002,0,2021-12-31
2022-01,all,1.0,1.0,0.0,0.0,0.0,0.0,0.0,0.0,0.0,1.0,0.0,0.0,0.0,0.0,0,2022-01-31
2022-02,all,6.0,5.0,0.0,0.0,0.0,0.0,0.0,0.0,0.0,1.0,0.0,0.0,0.0,0.0,0,2022-02-28
2022-03,all,0.0,0.0,0.0,0.0,0.0,0.0,0.0,0.0,0.0,1.0,0.0,0.0,0.0,0.0,1,2022-03-31
2022-04,all,4.0,4.0,0.0,0.0,0.0,0.0,0.0,0.0,0.0,1.0,0.0,0.0,0.0,0.0,0,2022-04-30
2022-05,all,3.0,3.0,0.0,0.0,0.0,0.0,0.0,0.0,0.0,1.0,0.0,0.0,0.0,0.0,0,2022-05-31
2022-06,all,0.0,0.0,0.0,0.0,0.0,0.0,0.0,0.0,0.0,1.0,0.0,0.0,0.0,0.0,1,2022-06-30
2022-07,all,6.0,5.0,0.0,0.0,0.0,0.0,0.0,0.0,0.0,1.0,0.0,0.0,0.0,0.0,0,2022-07-31
2022-08,all,5.0,3.0,2.0,0.4,0.00258,0.0,0.005769055381949457,0.0,0.0,1.0,0.0,0.0018428571428571428,0.0,0.007740000000000001,0,2022-08-31
2022-09,all,0.0,0.0,0.0,0.2,0.00129,0.0,0.0028845276909747284,0.0,0.0,1.0,0.0,0.0009214285714285714,0.0,0.0038700000000000006,1,2022-09-30
2022-10,all,7.0,7.0,0.0,0.0,0.0,0.0,0.0,0.0,0.0,1.0,0.0,0.0,0.0,0.0,0,2022-10-31
2022-11,all,2.0,1.0,0.0,0.0,0.0,0.0,0.0,0.0,0.0,1.0,0.0,0.0,0.0,0.0,0,2022-11-30
2022-12,all,4.0,3.0,1.0,0.25,0.0,0.0,0.0,0.0,0.0,1.0,0.0,0.0,0.0,0.0,0,2022-12-31
2023-01,all,3.0,3.0,0.0,0.0,-0.23343333333333335,0.0,0.4043183935134949,0.0,0.3333333333333333,0.6666666666666666,-0.3333333333333333,-0.23343333333333335,-0.5602400000000001,0.0,0,2023-01-31
2023-02,all,0.0,0.0,0.0,0.0,0.3110333333333333,0.42775,0.20215919675674746,0.5,0.16666666666666666,0.3333333333333333,0.33333333333333337,0.3110333333333333,0.14762999999999993,0.42775,1,2023-02-28
2023-03,all,1.0,1.0,0.0,0.0,0.8555,0.8555,0.0,1.0,0.0,0.0,1.0,0.8555,0.8555,0.8555,0,2023-03-31
2023-04,all,1.0,1.0,0.0,0.0,0.0,0.0,0.0,0.0,0.0,1.0,0.0,0.0,0.0,0.0,0,2023-04-30
2023-05,all,2.0,2.0,0.0,0.0,0.0,0.0,0.0,0.0,0.0,1.0,0.0,0.0,0.0,0.0,0,2023-05-31
2023-06,all,260.0,228.0,34.0,0.13076923076923078,0.0565623076923077,0.0,0.22057689656823376,0.12307692307692308,0.03461538461538462,0.8423076923076923,0.08846153846153847,0.05764183673469389,0.0,0.4404,0,2023-06-30
2023-07,all,2536.0,2084.0,762.0,0.30047318611987384,0.06903702681388013,0.0,0.27935863888132423,0.15102523659305994,0.04416403785488959,0.8048107255520505,0.10686119873817035,0.06553371740448757,0.0,0.4404,0,2023-07-31
2023-08,all,323.0,302.0,219.0,0.6780185758513931,0.04357894736842106,0.0,0.24306945136925506,0.11145510835913312,0.043343653250773995,0.8452012383900929,0.06811145510835913,0.02890276752767528,0.0,0.3964000000000014,0,2023-08-31
2023-09,all,84.0,76.0,67.0,0.7976190476190477,0.05958809523809524,0.0,0.231148133489339,0.13095238095238096,0.023809523809523808,0.8452380952380952,0.10714285714285715,0.04082251655629139,0.0,0.43473000000000006,0,2023-09-30
2023-10,all,80.0,65.0,13.0,0.1625,0.1080475,0.0,0.33079274745045845,0.15,0.0375,0.8125,0.11249999999999999,0.1381247311827957,0.0,0.8306400000000003,0,2023-10-31
2023-11,all,5.0,4.0,0.0,0.0,0.13394,0.0,0.2994989449063219,0.2,0.0,0.8,0.2,0.13394,0.0,0.40182,0,2023-11-30
2023-12,all,24.0,21.0,0.0,0.0,0.00852916666666667,0.0,0.2348379394560662,0.041666666666666664,0.08333333333333333,0.875,-0.041666666666666664,0.00852916666666667,0.0,0.0,0,2023-12-31
2024-01,all,10.0,9.0,2.0,0.2,-0.20773999999999998,0.0,0.3741563078001849,0.0,0.3,0.7,-0.3,-0.17311666666666667,-0.81654,0.0,0,2024-01-31
2024-02,all,207.0,189.0,221.0,1.067632850241546,0.017773429951690813,0.0,0.4742643434778636,0.37681159420289856,0.3526570048309179,0.27053140096618356,0.024154589371980673,0.10586728971962617,-0.6486,0.62454,0,2024-02-29
2024-03,all,393.0,364.0,1204.0,3.063613231552163,0.008012722646310432,0.0,0.48784849076302594,0.37404580152671757,0.37404580152671757,0.25190839694656486,0.0,-0.05833487789605511,-0.6703399999999999,0.70718,0,2024-03-31
2024-04,all,427.0,379.0,748.0,1.7517564402810304,0.02909672131147541,0.0,0.49073757531862233,0.3793911007025761,0.3231850117096019,0.297423887587822,0.05620608899297419,-0.008935063829787234,-0.649,0.7301800000000003,0,2024-04-30
2024-05,all,279.0,240.0,173.0,0.6200716845878136,0.00819032258064516,0.0,0.49038250913518816,0.34050179211469533,0.36917562724014336,0.2903225806451613,-0.02867383512544802,0.016441592920353996,-0.64132,0.7333000000000003,0,2024-05-31
2024-06,all,429.0,347.0,115.0,0.2680652680652681,0.08101841491841492,0.0,0.37976765014239683,0.25874125874125875,0.13286713286713286,0.6083916083916084,0.1258741258741259,0.08650091911764705,-0.296,0.6610999999999999,0,2024-06-30
2024-07,all,138.0,117.0,1324.0,9.594202898550725,0.034608695652173914,0.0,0.4251098826569348,0.2536231884057971,0.21014492753623187,0.5362318840579711,0.043478260869565244,-0.405590560875513,-0.6004999999999999,0.7003,0,2024-07-31
2024-08,all,187.0,161.0,311.0,1.6631016042780749,0.09916363636363637,0.0,0.5149522201070283,0.42780748663101603,0.31016042780748665,0.2620320855614973,0.11764705882352938,0.140671686746988,-0.6471399999999999,0.8028400000000001,0,2024-08-31
2024-09,all,218.0,202.0,70.0,0.3211009174311927,-0.009994954128440368,0.0,0.5125631209165663,0.3532110091743119,0.38073394495412843,0.26605504587155965,-0.027522935779816515,0.05432812499999999,-0.7106399999999999,0.6936500000000001,0,2024-09-30
2024-10,all,90.0,85.0,43.0,0.4777777777777778,0.14185222222222224,0.0,0.4665148737895892,0.4222222222222222,0.25555555555555554,0.32222222222222224,0.16666666666666669,0.14589774436090228,-0.53099,0.7736200000000001,0,2024-10-31
2024-11,all,101.0,91.0,63.0,0.6237623762376238,0.15170594059405942,0.128,0.4805886922976408,0.5247524752475248,0.2079207920792079,0.26732673267326734,0.3168316831683169,0.11101707317073171,-0.5994,0.765,0,2024-11-30
2024-12,all,137.0,131.0,98.0,0.7153284671532847,-0.019285401459854017,0.0,0.49845657143711625,0.31386861313868614,0.36496350364963503,0.32116788321167883,-0.0510948905109489,0.05967659574468086,-0.71336,0.7087200000000003,0,2024-12-31
2025-01,all,140.0,129.0,406.0,2.9,0.028678571428571432,0.0,0.47462257307848554,0.3142857142857143,0.32857142857142857,0.35714285714285715,-0.01428571428571429,0.15289615384615385,-0.69401,0.6827500000000001,0,2025-01-31
2025-02,all,125.0,112.0,580.0,4.64,0.0961232,0.0,0.504193458316381,0.416,0.28,0.304,0.13599999999999995,-0.18055801418439713,-0.6072000000000001,0.7199800000000002,0,2025-02-28
2025-03,all,64.0,60.0,100.0,1.5625,0.16711562500000002,0.0,0.4417193475208057,0.46875,0.25,0.28125,0.21875,0.060244512195121946,-0.4179,0.82275,0,2025-03-31
2025-04,all,27.0,23.0,8.0,0.2962962962962963,0.20657407407407405,0.296,0.5074141500654171,0.5185185185185185,0.25925925925925924,0.2222222222222222,0.25925925925925924,0.1713457142857143,-0.50246,0.8909,0,2025-04-30
2025-05,all,79.0,73.0,82.0,1.0379746835443038,0.043246835443037965,0.0,0.45144034243554126,0.3037974683544304,0.26582278481012656,0.43037974683544306,0.03797468354430383,-0.007739751552795021,-0.6045,0.6963400000000001,0,2025-05-31
2025-06,all,23.0,21.0,21.0,0.9130434782608695,0.0986608695652174,0.0,0.5588255059734498,0.34782608695652173,0.30434782608695654,0.34782608695652173,0.04347826086956519,-0.07778181818181816,-0.5475,0.8572000000000001,0,2025-06-30
2025-07,all,21.0,21.0,13.0,0.6190476190476191,0.09218095238095238,0.0,0.43262204361202816,0.2857142857142857,0.2857142857142857,0.42857142857142855,0.0,0.06768823529411765,-0.4404,0.7783,0,2025-07-31
2025-08,all,59.0,56.0,22.0,0.3728813559322034,0.07956610169491526,0.0,0.45900822756136295,0.4067796610169492,0.22033898305084745,0.3728813559322034,0.18644067796610173,0.10509629629629628,-0.6532,0.6532000000000002,0,2025-08-31
2025-09,all,109.0,97.0,65.0,0.5963302752293578,0.07766880733944956,0.0,0.5112378825327084,0.3944954128440367,0.29357798165137616,0.3119266055045872,0.10091743119266056,0.11139195402298849,-0.6033000000000001,0.8136,0,2025-09-30
2025-10,all,94.0,89.0,27.0,0.2872340425531915,0.046419148936170204,0.0,0.4830806692082687,0.3404255319148936,0.26595744680851063,0.39361702127659576,0.07446808510638298,0.09388595041322315,-0.57778,0.70939,0,2025-10-31
2025-11,all,144.0,129.0,30.0,0.20833333333333334,0.005541666666666667,0.0,0.5226000270968978,0.3541666666666667,0.3888888888888889,0.2569444444444444,-0.03472222222222221,-0.024210344827586213,-0.70396,0.7868900000000002,0,2025-11-30
2025-12,all,121.0,109.0,70.0,0.5785123966942148,0.0762380165289256,0.0,0.4519844396761535,0.36363636363636365,0.256198347107438,0.38016528925619836,0.10743801652892565,0.037583246073298444,-0.4871,0.6997,0,2025-12-31
2026-01,all,175.0,149.0,71.0,0.4057142857142857,0.13089885714285715,0.0,0.46292783653369435,0.44571428571428573,0.2342857142857143,0.32,0.21142857142857144,0.1245008130081301,-0.49039999999999995,0.7519399999999999,0,2026-01-31
2026-02,all,75.0,71.0,28.0,0.37333333333333335,0.052376,0.0,0.4777119169880865,0.36,0.32,0.32,0.03999999999999998,0.07965339805825243,-0.5423,0.7510000000000003,0,2026-02-28
2026-03,all,57.0,52.0,92.0,1.6140350877192982,0.07450000000000002,0.0,0.5770228142927155,0.42105263157894735,0.3333333333333333,0.24561403508771928,0.08771929824561403,-0.0928536912751678,-0.68434,0.8779999999999999,0,2026-03-31
2019-07,economic_growth,0.0,0.0,0.0,0.13076923076923078,0.0565623076923077,0.0,0.22057689656823376,0.12307692307692308,0.03461538461538462,0.8423076923076923,0.08846153846153847,0.05764183673469389,0.0,0.4404,1,2019-07-31
2019-08,economic_growth,0.0,0.0,0.0,0.13076923076923078,0.0565623076923077,0.0,0.22057689656823376,0.12307692307692308,0.03461538461538462,0.8423076923076923,0.08846153846153847,0.05764183673469389,0.0,0.4404,1,2019-08-31
2019-09,economic_growth,0.0,0.0,0.0,0.13076923076923078,0.0565623076923077,0.0,0.22057689656823376,0.12307692307692308,0.03461538461538462,0.8423076923076923,0.08846153846153847,0.05764183673469389,0.0,0.4404,1,2019-09-30
2019-10,economic_growth,0.0,0.0,0.0,0.13076923076923078,0.0565623076923077,0.0,0.22057689656823376,0.12307692307692308,0.03461538461538462,0.8423076923076923,0.08846153846153847,0.05764183673469389,0.0,0.4404,1,2019-10-31
2019-11,economic_growth,0.0,0.0,0.0,0.13076923076923078,0.0565623076923077,0.0,0.22057689656823376,0.12307692307692308,0.03461538461538462,0.8423076923076923,0.08846153846153847,0.05764183673469389,0.0,0.4404,1,2019-11-30
2019-12,economic_growth,0.0,0.0,0.0,0.13076923076923078,0.0565623076923077,0.0,0.22057689656823376,0.12307692307692308,0.03461538461538462,0.8423076923076923,0.08846153846153847,0.05764183673469389,0.0,0.4404,1,2019-12-31
2020-01,economic_growth,0.0,0.0,0.0,0.13076923076923078,0.0565623076923077,0.0,0.22057689656823376,0.12307692307692308,0.03461538461538462,0.8423076923076923,0.08846153846153847,0.05764183673469389,0.0,0.4404,1,2020-01-31
2020-02,economic_growth,0.0,0.0,0.0,0.13076923076923078,0.0565623076923077,0.0,0.22057689656823376,0.12307692307692308,0.03461538461538462,0.8423076923076923,0.08846153846153847,0.05764183673469389,0.0,0.4404,1,2020-02-29
2020-03,economic_growth,0.0,0.0,0.0,0.13076923076923078,0.0565623076923077,0.0,0.22057689656823376,0.12307692307692308,0.03461538461538462,0.8423076923076923,0.08846153846153847,0.05764183673469389,0.0,0.4404,1,2020-03-31
2020-04,economic_growth,0.0,0.0,0.0,0.13076923076923078,0.0565623076923077,0.0,0.22057689656823376,0.12307692307692308,0.03461538461538462,0.8423076923076923,0.08846153846153847,0.05764183673469389,0.0,0.4404,1,2020-04-30
2020-05,economic_growth,0.0,0.0,0.0,0.13076923076923078,0.0565623076923077,0.0,0.22057689656823376,0.12307692307692308,0.03461538461538462,0.8423076923076923,0.08846153846153847,0.05764183673469389,0.0,0.4404,1,2020-05-31
2020-06,economic_growth,0.0,0.0,0.0,0.13076923076923078,0.0565623076923077,0.0,0.22057689656823376,0.12307692307692308,0.03461538461538462,0.8423076923076923,0.08846153846153847,0.05764183673469389,0.0,0.4404,1,2020-06-30
2020-07,economic_growth,0.0,0.0,0.0,0.13076923076923078,0.0565623076923077,0.0,0.22057689656823376,0.12307692307692308,0.03461538461538462,0.8423076923076923,0.08846153846153847,0.05764183673469389,0.0,0.4404,1,2020-07-31
2020-08,economic_growth,0.0,0.0,0.0,0.13076923076923078,0.0565623076923077,0.0,0.22057689656823376,0.12307692307692308,0.03461538461538462,0.8423076923076923,0.08846153846153847,0.05764183673469389,0.0,0.4404,1,2020-08-31
2020-09,economic_growth,0.0,0.0,0.0,0.13076923076923078,0.0565623076923077,0.0,0.22057689656823376,0.12307692307692308,0.03461538461538462,0.8423076923076923,0.08846153846153847,0.05764183673469389,0.0,0.4404,1,2020-09-30
2020-10,economic_growth,0.0,0.0,0.0,0.13076923076923078,0.0565623076923077,0.0,0.22057689656823376,0.12307692307692308,0.03461538461538462,0.8423076923076923,0.08846153846153847,0.05764183673469389,0.0,0.4404,1,2020-10-31
2020-11,economic_growth,0.0,0.0,0.0,0.13076923076923078,0.0565623076923077,0.0,0.22057689656823376,0.12307692307692308,0.03461538461538462,0.8423076923076923,0.08846153846153847,0.05764183673469389,0.0,0.4404,1,2020-11-30
2020-12,economic_growth,0.0,0.0,0.0,0.13076923076923078,0.0565623076923077,0.0,0.22057689656823376,0.12307692307692308,0.03461538461538462,0.8423076923076923,0.08846153846153847,0.05764183673469389,0.0,0.4404,1,2020-12-31
2021-01,economic_growth,0.0,0.0,0.0,0.13076923076923078,0.0565623076923077,0.0,0.22057689656823376,0.12307692307692308,0.03461538461538462,0.8423076923076923,0.08846153846153847,0.05764183673469389,0.0,0.4404,1,2021-01-31
2021-02,economic_growth,0.0,0.0,0.0,0.13076923076923078,0.0565623076923077,0.0,0.22057689656823376,0.12307692307692308,0.03461538461538462,0.8423076923076923,0.08846153846153847,0.05764183673469389,0.0,0.4404,1,2021-02-28
2021-03,economic_growth,0.0,0.0,0.0,0.13076923076923078,0.0565623076923077,0.0,0.22057689656823376,0.12307692307692308,0.03461538461538462,0.8423076923076923,0.08846153846153847,0.05764183673469389,0.0,0.4404,1,2021-03-31
2021-04,economic_growth,0.0,0.0,0.0,0.13076923076923078,0.0565623076923077,0.0,0.22057689656823376,0.12307692307692308,0.03461538461538462,0.8423076923076923,0.08846153846153847,0.05764183673469389,0.0,0.4404,1,2021-04-30
2021-05,economic_growth,0.0,0.0,0.0,0.13076923076923078,0.0565623076923077,0.0,0.22057689656823376,0.12307692307692308,0.03461538461538462,0.8423076923076923,0.08846153846153847,0.05764183673469389,0.0,0.4404,1,2021-05-31
2021-06,economic_growth,0.0,0.0,0.0,0.13076923076923078,0.0565623076923077,0.0,0.22057689656823376,0.12307692307692308,0.03461538461538462,0.8423076923076923,0.08846153846153847,0.05764183673469389,0.0,0.4404,1,2021-06-30
2021-07,economic_growth,0.0,0.0,0.0,0.13076923076923078,0.0565623076923077,0.0,0.22057689656823376,0.12307692307692308,0.03461538461538462,0.8423076923076923,0.08846153846153847,0.05764183673469389,0.0,0.4404,1,2021-07-31
2021-08,economic_growth,0.0,0.0,0.0,0.13076923076923078,0.0565623076923077,0.0,0.22057689656823376,0.12307692307692308,0.03461538461538462,0.8423076923076923,0.08846153846153847,0.05764183673469389,0.0,0.4404,1,2021-08-31
2021-09,economic_growth,0.0,0.0,0.0,0.13076923076923078,0.0565623076923077,0.0,0.22057689656823376,0.12307692307692308,0.03461538461538462,0.8423076923076923,0.08846153846153847,0.05764183673469389,0.0,0.4404,1,2021-09-30
2021-10,economic_growth,0.0,0.0,0.0,0.13076923076923078,0.0565623076923077,0.0,0.22057689656823376,0.12307692307692308,0.03461538461538462,0.8423076923076923,0.08846153846153847,0.05764183673469389,0.0,0.4404,1,2021-10-31
2021-11,economic_growth,0.0,0.0,0.0,0.13076923076923078,0.0565623076923077,0.0,0.22057689656823376,0.12307692307692308,0.03461538461538462,0.8423076923076923,0.08846153846153847,0.05764183673469389,0.0,0.4404,1,2021-11-30
2021-12,economic_growth,0.0,0.0,0.0,0.13076923076923078,0.0565623076923077,0.0,0.22057689656823376,0.12307692307692308,0.03461538461538462,0.8423076923076923,0.08846153846153847,0.05764183673469389,0.0,0.4404,1,2021-12-31
2022-01,economic_growth,0.0,0.0,0.0,0.13076923076923078,0.0565623076923077,0.0,0.22057689656823376,0.12307692307692308,0.03461538461538462,0.8423076923076923,0.08846153846153847,0.05764183673469389,0.0,0.4404,1,2022-01-31
2022-02,economic_growth,0.0,0.0,0.0,0.13076923076923078,0.0565623076923077,0.0,0.22057689656823376,0.12307692307692308,0.03461538461538462,0.8423076923076923,0.08846153846153847,0.05764183673469389,0.0,0.4404,1,2022-02-28
2022-03,economic_growth,0.0,0.0,0.0,0.13076923076923078,0.0565623076923077,0.0,0.22057689656823376,0.12307692307692308,0.03461538461538462,0.8423076923076923,0.08846153846153847,0.05764183673469389,0.0,0.4404,1,2022-03-31
2022-04,economic_growth,0.0,0.0,0.0,0.13076923076923078,0.0565623076923077,0.0,0.22057689656823376,0.12307692307692308,0.03461538461538462,0.8423076923076923,0.08846153846153847,0.05764183673469389,0.0,0.4404,1,2022-04-30
2022-05,economic_growth,0.0,0.0,0.0,0.13076923076923078,0.0565623076923077,0.0,0.22057689656823376,0.12307692307692308,0.03461538461538462,0.8423076923076923,0.08846153846153847,0.05764183673469389,0.0,0.4404,1,2022-05-31
2022-06,economic_growth,0.0,0.0,0.0,0.13076923076923078,0.0565623076923077,0.0,0.22057689656823376,0.12307692307692308,0.03461538461538462,0.8423076923076923,0.08846153846153847,0.05764183673469389,0.0,0.4404,1,2022-06-30
2022-07,economic_growth,0.0,0.0,0.0,0.13076923076923078,0.0565623076923077,0.0,0.22057689656823376,0.12307692307692308,0.03461538461538462,0.8423076923076923,0.08846153846153847,0.05764183673469389,0.0,0.4404,1,2022-07-31
2022-08,economic_growth,0.0,0.0,0.0,0.13076923076923078,0.0565623076923077,0.0,0.22057689656823376,0.12307692307692308,0.03461538461538462,0.8423076923076923,0.08846153846153847,0.05764183673469389,0.0,0.4404,1,2022-08-31
2022-09,economic_growth,0.0,0.0,0.0,0.13076923076923078,0.0565623076923077,0.0,0.22057689656823376,0.12307692307692308,0.03461538461538462,0.8423076923076923,0.08846153846153847,0.05764183673469389,0.0,0.4404,1,2022-09-30
2022-10,economic_growth,0.0,0.0,0.0,0.13076923076923078,0.0565623076923077,0.0,0.22057689656823376,0.12307692307692308,0.03461538461538462,0.8423076923076923,0.08846153846153847,0.05764183673469389,0.0,0.4404,1,2022-10-31
2022-11,economic_growth,0.0,0.0,0.0,0.13076923076923078,0.0565623076923077,0.0,0.22057689656823376,0.12307692307692308,0.03461538461538462,0.8423076923076923,0.08846153846153847,0.05764183673469389,0.0,0.4404,1,2022-11-30
2022-12,economic_growth,0.0,0.0,0.0,0.13076923076923078,0.0565623076923077,0.0,0.22057689656823376,0.12307692307692308,0.03461538461538462,0.8423076923076923,0.08846153846153847,0.05764183673469389,0.0,0.4404,1,2022-12-31
2023-01,economic_growth,0.0,0.0,0.0,0.13076923076923078,0.0565623076923077,0.0,0.22057689656823376,0.12307692307692308,0.03461538461538462,0.8423076923076923,0.08846153846153847,0.05764183673469389,0.0,0.4404,1,2023-01-31
2023-02,economic_growth,0.0,0.0,0.0,0.13076923076923078,0.0565623076923077,0.0,0.22057689656823376,0.12307692307692308,0.03461538461538462,0.8423076923076923,0.08846153846153847,0.05764183673469389,0.0,0.4404,1,2023-02-28
2023-03,economic_growth,0.0,0.0,0.0,0.13076923076923078,0.0565623076923077,0.0,0.22057689656823376,0.12307692307692308,0.03461538461538462,0.8423076923076923,0.08846153846153847,0.05764183673469389,0.0,0.4404,1,2023-03-31
2023-04,economic_growth,0.0,0.0,0.0,0.13076923076923078,0.0565623076923077,0.0,0.22057689656823376,0.12307692307692308,0.03461538461538462,0.8423076923076923,0.08846153846153847,0.05764183673469389,0.0,0.4404,1,2023-04-30
2023-05,economic_growth,0.0,0.0,0.0,0.13076923076923078,0.0565623076923077,0.0,0.22057689656823376,0.12307692307692308,0.03461538461538462,0.8423076923076923,0.08846153846153847,0.05764183673469389,0.0,0.4404,1,2023-05-31
2023-06,economic_growth,260.0,228.0,34.0,0.13076923076923078,0.0565623076923077,0.0,0.22057689656823376,0.12307692307692308,0.03461538461538462,0.8423076923076923,0.08846153846153847,0.05764183673469389,0.0,0.4404,0,2023-06-30
2023-07,economic_growth,2535.0,2083.0,762.0,0.3005917159763314,0.06928414201183433,0.0,0.27913638687796555,0.15108481262327417,0.04378698224852071,0.8051282051282052,0.10729783037475346,0.06572265696087352,0.0,0.4404,0,2023-07-31
2023-08,economic_growth,321.0,300.0,219.0,0.6822429906542056,0.04385046728971963,0.0,0.24380336737849514,0.11214953271028037,0.04361370716510903,0.8442367601246106,0.06853582554517135,0.029009814814814818,0.0,0.4215,0,2023-08-31
2023-09,economic_growth,82.0,74.0,67.0,0.8170731707317073,0.05638536585365853,0.0,0.23111198670878536,0.12195121951219512,0.024390243902439025,0.8536585365853658,0.0975609756097561,0.03880805369127517,0.0,0.4385100000000001,0,2023-09-30
2023-10,economic_growth,77.0,62.0,13.0,0.16883116883116883,0.11225714285714286,0.0,0.33654780274700147,0.15584415584415584,0.03896103896103896,0.8051948051948052,0.11688311688311688,0.14272888888888888,0.0,0.8412600000000002,0,2023-10-31
2023-11,economic_growth,4.0,3.0,0.0,0.0,0.0,0.0,0.0,0.0,0.0,1.0,0.0,0.0,0.0,0.0,0,2023-11-30
2023-12,economic_growth,24.0,21.0,0.0,0.0,0.00852916666666667,0.0,0.2348379394560662,0.041666666666666664,0.08333333333333333,0.875,-0.041666666666666664,0.00852916666666667,0.0,0.0,0,2023-12-31
2024-01,economic_growth,10.0,9.0,2.0,0.2,-0.20773999999999998,0.0,0.3741563078001849,0.0,0.3,0.7,-0.3,-0.17311666666666667,-0.81654,0.0,0,2024-01-31
2024-02,economic_growth,207.0,189.0,221.0,1.067632850241546,0.017773429951690813,0.0,0.4742643434778636,0.37681159420289856,0.3526570048309179,0.27053140096618356,0.024154589371980673,0.10586728971962617,-0.6486,0.62454,0,2024-02-29
2024-03,economic_growth,393.0,364.0,1204.0,3.063613231552163,0.008012722646310432,0.0,0.48784849076302594,0.37404580152671757,0.37404580152671757,0.25190839694656486,0.0,-0.05833487789605511,-0.6703399999999999,0.70718,0,2024-03-31
2024-04,economic_growth,427.0,379.0,748.0,1.7517564402810304,0.02909672131147541,0.0,0.49073757531862233,0.3793911007025761,0.3231850117096019,0.297423887587822,0.05620608899297419,-0.008935063829787234,-0.649,0.7301800000000003,0,2024-04-30
2024-05,economic_growth,279.0,240.0,173.0,0.6200716845878136,0.00819032258064516,0.0,0.49038250913518816,0.34050179211469533,0.36917562724014336,0.2903225806451613,-0.02867383512544802,0.016441592920353996,-0.64132,0.7333000000000003,0,2024-05-31
2024-06,economic_growth,426.0,345.0,115.0,0.2699530516431925,0.08158896713615024,0.0,0.3810444276031356,0.2605633802816901,0.13380281690140844,0.6056338028169014,0.1267605633802817,0.08698059149722735,-0.296,0.6632,0,2024-06-30
2024-07,economic_growth,137.0,116.0,1324.0,9.664233576642335,0.029749635036496348,0.0,0.4228061277180065,0.24817518248175183,0.2116788321167883,0.5401459854014599,0.036496350364963515,-0.4063475017111567,-0.6056999999999999,0.7003,0,2024-07-31
2024-08,economic_growth,187.0,161.0,311.0,1.6631016042780749,0.09916363636363637,0.0,0.5149522201070283,0.42780748663101603,0.31016042780748665,0.2620320855614973,0.11764705882352938,0.140671686746988,-0.6471399999999999,0.8028400000000001,0,2024-08-31
2024-09,economic_growth,218.0,202.0,70.0,0.3211009174311927,-0.009994954128440368,0.0,0.5125631209165663,0.3532110091743119,0.38073394495412843,0.26605504587155965,-0.027522935779816515,0.05432812499999999,-0.7106399999999999,0.6936500000000001,0,2024-09-30
2024-10,economic_growth,88.0,84.0,43.0,0.48863636363636365,0.14507613636363637,0.0,0.47134506236385443,0.4318181818181818,0.26136363636363635,0.3068181818181818,0.17045454545454547,0.14812519083969466,-0.5395699999999999,0.77466,0,2024-10-31
2024-11,economic_growth,100.0,90.0,63.0,0.63,0.15322300000000003,0.13955,0.48276669268567673,0.53,0.21,0.26,0.32000000000000006,0.11169815950920246,-0.60236,0.765,0,2024-11-30
2024-12,economic_growth,137.0,131.0,98.0,0.7153284671532847,-0.019285401459854017,0.0,0.49845657143711625,0.31386861313868614,0.36496350364963503,0.32116788321167883,-0.0510948905109489,0.05967659574468086,-0.71336,0.7087200000000003,0,2024-12-31
2025-01,economic_growth,140.0,129.0,406.0,2.9,0.028678571428571432,0.0,0.47462257307848554,0.3142857142857143,0.32857142857142857,0.35714285714285715,-0.01428571428571429,0.15289615384615385,-0.69401,0.6827500000000001,0,2025-01-31
2025-02,economic_growth,125.0,112.0,580.0,4.64,0.0961232,0.0,0.504193458316381,0.416,0.28,0.304,0.13599999999999995,-0.18055801418439713,-0.6072000000000001,0.7199800000000002,0,2025-02-28
2025-03,economic_growth,64.0,60.0,100.0,1.5625,0.16711562500000002,0.0,0.4417193475208057,0.46875,0.25,0.28125,0.21875,0.060244512195121946,-0.4179,0.82275,0,2025-03-31
2025-04,economic_growth,27.0,23.0,8.0,0.2962962962962963,0.20657407407407405,0.296,0.5074141500654171,0.5185185185185185,0.25925925925925924,0.2222222222222222,0.25925925925925924,0.1713457142857143,-0.50246,0.8909,0,2025-04-30
2025-05,economic_growth,79.0,73.0,82.0,1.0379746835443038,0.043246835443037965,0.0,0.45144034243554126,0.3037974683544304,0.26582278481012656,0.43037974683544306,0.03797468354430383,-0.007739751552795021,-0.6045,0.6963400000000001,0,2025-05-31
2025-06,economic_growth,23.0,21.0,21.0,0.9130434782608695,0.0986608695652174,0.0,0.5588255059734498,0.34782608695652173,0.30434782608695654,0.34782608695652173,0.04347826086956519,-0.07778181818181816,-0.5475,0.8572000000000001,0,2025-06-30
2025-07,economic_growth,21.0,21.0,13.0,0.6190476190476191,0.09218095238095238,0.0,0.43262204361202816,0.2857142857142857,0.2857142857142857,0.42857142857142855,0.0,0.06768823529411765,-0.4404,0.7783,0,2025-07-31
2025-08,economic_growth,59.0,56.0,22.0,0.3728813559322034,0.07956610169491526,0.0,0.45900822756136295,0.4067796610169492,0.22033898305084745,0.3728813559322034,0.18644067796610173,0.10509629629629628,-0.6532,0.6532000000000002,0,2025-08-31
2025-09,economic_growth,109.0,97.0,65.0,0.5963302752293578,0.07766880733944956,0.0,0.5112378825327084,0.3944954128440367,0.29357798165137616,0.3119266055045872,0.10091743119266056,0.11139195402298849,-0.6033000000000001,0.8136,0,2025-09-30
2025-10,economic_growth,94.0,89.0,27.0,0.2872340425531915,0.046419148936170204,0.0,0.4830806692082687,0.3404255319148936,0.26595744680851063,0.39361702127659576,0.07446808510638298,0.09388595041322315,-0.57778,0.70939,0,2025-10-31
2025-11,economic_growth,144.0,129.0,30.0,0.20833333333333334,0.005541666666666667,0.0,0.5226000270968978,0.3541666666666667,0.3888888888888889,0.2569444444444444,-0.03472222222222221,-0.024210344827586213,-0.70396,0.7868900000000002,0,2025-11-30
2025-12,economic_growth,121.0,109.0,70.0,0.5785123966942148,0.0762380165289256,0.0,0.4519844396761535,0.36363636363636365,0.256198347107438,0.38016528925619836,0.10743801652892565,0.037583246073298444,-0.4871,0.6997,0,2025-12-31
2026-01,economic_growth,175.0,149.0,71.0,0.4057142857142857,0.13089885714285715,0.0,0.46292783653369435,0.44571428571428573,0.2342857142857143,0.32,0.21142857142857144,0.1245008130081301,-0.49039999999999995,0.7519399999999999,0,2026-01-31
2026-02,economic_growth,75.0,71.0,28.0,0.37333333333333335,0.052376,0.0,0.4777119169880865,0.36,0.32,0.32,0.03999999999999998,0.07965339805825243,-0.5423,0.7510000000000003,0,2026-02-28
2026-03,economic_growth,57.0,52.0,92.0,1.6140350877192982,0.07450000000000002,0.0,0.5770228142927155,0.42105263157894735,0.3333333333333333,0.24561403508771928,0.08771929824561403,-0.0928536912751678,-0.68434,0.8779999999999999,0,2026-03-31
2019-07,inflation,3054.0,2062.0,9337.0,3.0573018991486576,0.02889718402095612,0.0,0.20095602131082113,0.09070072036673216,0.03700065487884741,0.8722986247544204,0.053700065487884745,0.009376329594060205,0.0,0.0,0,2019-07-31
2019-08,inflation,510.0,388.0,1896.0,3.7176470588235295,0.036242156862745095,0.0,0.18519286279845698,0.09215686274509804,0.025490196078431372,0.8823529411764706,0.06666666666666668,0.11680054031587699,0.0,0.0,0,2019-08-31
2019-09,inflation,194.0,156.0,594.0,3.0618556701030926,0.022416494845360825,0.0,0.20870428700826804,0.08247422680412371,0.041237113402061855,0.8762886597938144,0.041237113402061855,0.019932233502538074,0.0,0.0,0,2019-09-30
2019-10,inflation,178.0,143.0,135.0,0.7584269662921348,0.037405056179775284,0.0,0.19788047590061075,0.07865168539325842,0.02247191011235955,0.898876404494382,0.056179775280898875,0.04600479233226837,0.0,0.0,0,2019-10-31
2019-11,inflation,89.0,75.0,30.0,0.33707865168539325,-0.008742696629213483,0.0,0.1493070660567133,0.056179775280898875,0.056179775280898875,0.8876404494382022,0.0,0.02641260504201681,0.0,0.0,0,2019-11-30
2019-12,inflation,85.0,76.0,174.0,2.0470588235294116,0.02115882352941176,0.0,0.22810835003511443,0.10588235294117647,0.058823529411764705,0.8352941176470589,0.047058823529411764,-0.004954440154440154,0.0,0.12138000000000172,0,2019-12-31
2020-01,inflation,112.0,94.0,137.0,1.2232142857142858,-0.01791696428571429,0.0,0.17395234611418536,0.026785714285714284,0.05357142857142857,0.9196428571428571,-0.026785714285714284,0.04574779116465863,0.0,0.0,0,2020-01-31
2020-02,inflation,88.0,77.0,52.0,0.5909090909090909,0.02226931818181818,0.0,0.14370780568786695,0.09090909090909091,0.03409090909090909,0.875,0.05681818181818182,0.020552142857142856,0.0,0.0,0,2020-02-29
2020-03,inflation,50.0,47.0,34.0,0.68,0.019756,0.0,0.19715465405697766,0.06,0.04,0.9,0.019999999999999997,0.01175952380952381,0.0,0.0,0,2020-03-31
2020-04,inflation,44.0,38.0,28.0,0.6363636363636364,0.06657954545454546,0.0,0.20759153383680853,0.11363636363636363,0.0,0.8863636363636364,0.11363636363636363,0.050783333333333326,0.0,0.20720000000000083,0,2020-04-30
2020-05,inflation,12.0,11.0,1.0,0.08333333333333333,0.076275,0.0,0.26422435069463224,0.08333333333333333,0.0,0.9166666666666666,0.08333333333333333,0.07040769230769231,0.0,0.0,0,2020-05-31
2020-06,inflation,53.0,48.0,22.0,0.41509433962264153,0.040901886792452824,0.0,0.22048942630374865,0.11320754716981132,0.03773584905660377,0.8490566037735849,0.07547169811320756,0.12067733333333334,0.0,0.23680000000000126,0,2020-06-30
2020-07,inflation,80.0,69.0,32.0,0.4,0.02330125,0.0,0.19710132746776965,0.075,0.0375,0.8875,0.0375,0.021053571428571425,0.0,0.0,0,2020-07-31
2020-08,inflation,46.0,34.0,7.0,0.15217391304347827,0.041067391304347826,0.0,0.16396882637914623,0.06521739130434782,0.0,0.9347826086956522,0.06521739130434782,0.05005094339622641,0.0,0.0,0,2020-08-31
2020-09,inflation,36.0,34.0,8.0,0.2222222222222222,0.061447222222222236,0.0,0.18277687019362646,0.1111111111111111,0.0,0.8888888888888888,0.1111111111111111,0.05027500000000001,0.0,0.1909,0,2020-09-30
2020-10,inflation,52.0,46.0,13.0,0.25,0.03361730769230769,0.0,0.16801815462266403,0.057692307692307696,0.019230769230769232,0.9230769230769231,0.038461538461538464,0.00867846153846154,0.0,0.0,0,2020-10-31
2020-11,inflation,31.0,25.0,2.0,0.06451612903225806,0.10906129032258066,0.0,0.28213196637675236,0.16129032258064516,0.0,0.8387096774193549,0.16129032258064516,0.10245151515151517,0.0,0.7506,0,2020-11-30
2020-12,inflation,6.0,6.0,1.0,0.16666666666666666,0.0,0.0,0.0,0.0,0.0,1.0,0.0,0.0,0.0,0.0,0,2020-12-31
2021-01,inflation,1.0,1.0,0.0,0.0,0.0,0.0,0.0,0.0,0.0,1.0,0.0,0.0,0.0,0.0,0,2021-01-31
2021-02,inflation,4.0,4.0,1.0,0.25,0.0,0.0,0.0,0.0,0.0,1.0,0.0,0.0,0.0,0.0,0,2021-02-28
2021-03,inflation,9.0,6.0,0.0,0.0,0.0,0.0,0.0,0.0,0.0,1.0,0.0,0.0,0.0,0.0,0,2021-03-31
2021-04,inflation,9.0,8.0,1.0,0.1111111111111111,0.06345555555555556,0.0,0.16342336974183888,0.2222222222222222,0.0,0.7777777777777778,0.2222222222222222,0.05711000000000001,0.0,0.16054000000000007,0,2021-04-30
2021-05,inflation,9.0,7.0,0.0,0.0,0.0,0.0,0.0,0.0,0.0,1.0,0.0,0.0,0.0,0.0,0,2021-05-31
2021-06,inflation,9.0,9.0,0.0,0.0,-0.09012222222222223,0.0,0.34049013854213817,0.1111111111111111,0.2222222222222222,0.6666666666666666,-0.1111111111111111,-0.09012222222222223,-0.5859800000000001,0.08932000000000008,0,2021-06-30
2021-07,inflation,2.0,2.0,0.0,0.0,0.0,0.0,0.0,0.0,0.0,1.0,0.0,0.0,0.0,0.0,0,2021-07-31
2021-08,inflation,4.0,3.0,0.0,0.0,0.0,0.0,0.0,0.0,0.0,1.0,0.0,0.0,0.0,0.0,0,2021-08-31
2021-09,inflation,3.0,3.0,0.0,0.0,0.09866666666666667,0.0,0.1708956796801292,0.3333333333333333,0.0,0.6666666666666666,0.3333333333333333,0.09866666666666667,0.0,0.2368,0,2021-09-30
2021-10,inflation,5.0,3.0,0.0,0.0,0.0,0.0,0.0,0.0,0.0,1.0,0.0,0.0,0.0,0.0,0,2021-10-31
2021-11,inflation,1.0,1.0,0.0,0.0,0.4033,0.4033,0.0,1.0,0.0,0.0,1.0,0.4033,0.4033,0.4033,0,2021-11-30
2021-12,inflation,4.0,4.0,0.0,0.0,0.239875,0.0,0.47975,0.25,0.0,0.75,0.25,0.239875,0.0,0.6716500000000002,0,2021-12-31
2022-01,inflation,1.0,1.0,0.0,0.0,0.0,0.0,0.0,0.0,0.0,1.0,0.0,0.0,0.0,0.0,0,2022-01-31
2022-02,inflation,6.0,5.0,0.0,0.0,0.0,0.0,0.0,0.0,0.0,1.0,0.0,0.0,0.0,0.0,0,2022-02-28
2022-03,inflation,0.0,0.0,0.0,0.0,0.0,0.0,0.0,0.0,0.0,1.0,0.0,0.0,0.0,0.0,1,2022-03-31
2022-04,inflation,4.0,4.0,0.0,0.0,0.0,0.0,0.0,0.0,0.0,1.0,0.0,0.0,0.0,0.0,0,2022-04-30
2022-05,inflation,3.0,3.0,0.0,0.0,0.0,0.0,0.0,0.0,0.0,1.0,0.0,0.0,0.0,0.0,0,2022-05-31
2022-06,inflation,0.0,0.0,0.0,0.0,0.0,0.0,0.0,0.0,0.0,1.0,0.0,0.0,0.0,0.0,1,2022-06-30
2022-07,inflation,6.0,5.0,0.0,0.0,0.0,0.0,0.0,0.0,0.0,1.0,0.0,0.0,0.0,0.0,0,2022-07-31
2022-08,inflation,5.0,3.0,2.0,0.4,0.00258,0.0,0.005769055381949457,0.0,0.0,1.0,0.0,0.0018428571428571428,0.0,0.007740000000000001,0,2022-08-31
2022-09,inflation,0.0,0.0,0.0,0.2,0.00129,0.0,0.0028845276909747284,0.0,0.0,1.0,0.0,0.0009214285714285714,0.0,0.0038700000000000006,1,2022-09-30
2022-10,inflation,7.0,7.0,0.0,0.0,0.0,0.0,0.0,0.0,0.0,1.0,0.0,0.0,0.0,0.0,0,2022-10-31
2022-11,inflation,2.0,1.0,0.0,0.0,0.0,0.0,0.0,0.0,0.0,1.0,0.0,0.0,0.0,0.0,0,2022-11-30
2022-12,inflation,4.0,3.0,1.0,0.25,0.0,0.0,0.0,0.0,0.0,1.0,0.0,0.0,0.0,0.0,0,2022-12-31
2023-01,inflation,3.0,3.0,0.0,0.0,-0.23343333333333335,0.0,0.4043183935134949,0.0,0.3333333333333333,0.6666666666666666,-0.3333333333333333,-0.23343333333333335,-0.5602400000000001,0.0,0,2023-01-31
2023-02,inflation,0.0,0.0,0.0,0.0,0.3110333333333333,0.42775,0.20215919675674746,0.5,0.16666666666666666,0.3333333333333333,0.33333333333333337,0.3110333333333333,0.14762999999999993,0.42775,1,2023-02-28
2023-03,inflation,1.0,1.0,0.0,0.0,0.8555,0.8555,0.0,1.0,0.0,0.0,1.0,0.8555,0.8555,0.8555,0,2023-03-31
2023-04,inflation,1.0,1.0,0.0,0.0,0.0,0.0,0.0,0.0,0.0,1.0,0.0,0.0,0.0,0.0,0,2023-04-30
2023-05,inflation,2.0,2.0,0.0,0.0,0.0,0.0,0.0,0.0,0.0,1.0,0.0,0.0,0.0,0.0,0,2023-05-31
2023-06,inflation,0.0,0.0,0.0,0.0,-0.2787,-0.2787,0.0,0.0,0.5,0.5,-0.5,-0.2787,-0.2787,-0.2787,1,2023-06-30
2023-07,inflation,1.0,1.0,0.0,0.0,-0.5574,-0.5574,0.0,0.0,1.0,0.0,-1.0,-0.5574,-0.5574,-0.5574,0,2023-07-31
2023-08,inflation,2.0,2.0,0.0,0.0,0.0,0.0,0.0,0.0,0.0,1.0,0.0,0.0,0.0,0.0,0,2023-08-31
2023-09,inflation,2.0,2.0,0.0,0.0,0.1909,0.1909,0.2699733690570238,0.5,0.0,0.5,0.5,0.1909,0.03818,0.34362,0,2023-09-30
2023-10,inflation,3.0,3.0,0.0,0.0,0.0,0.0,0.0,0.0,0.0,1.0,0.0,0.0,0.0,0.0,0,2023-10-31
2023-11,inflation,1.0,1.0,0.0,0.0,0.6697,0.6697,0.0,1.0,0.0,0.0,1.0,0.6697,0.6697,0.6697,0,2023-11-30
2023-12,inflation,0.0,0.0,0.0,0.0,0.5740285714285714,0.5740285714285714,0.0,0.8571428571428572,0.0,0.14285714285714285,0.8571428571428572,0.5740285714285714,0.5740285714285714,0.5740285714285714,1,2023-12-31
2024-01,inflation,0.0,0.0,0.0,0.0,0.4783571428571428,0.4783571428571428,0.0,0.7142857142857143,0.0,0.2857142857142857,0.7142857142857143,0.4783571428571428,0.4783571428571428,0.4783571428571428,1,2024-01-31
2024-02,inflation,0.0,0.0,0.0,0.0,0.3826857142857143,0.3826857142857143,0.0,0.5714285714285714,0.0,0.42857142857142855,0.5714285714285714,0.3826857142857143,0.3826857142857143,0.3826857142857143,1,2024-02-29
2024-03,inflation,0.0,0.0,0.0,0.0,0.2870142857142857,0.2870142857142857,0.0,0.4285714285714286,0.0,0.5714285714285714,0.4285714285714286,0.2870142857142857,0.2870142857142857,0.2870142857142857,1,2024-03-31
2024-04,inflation,0.0,0.0,0.0,0.0,0.19134285714285715,0.19134285714285715,0.0,0.28571428571428575,0.0,0.7142857142857142,0.28571428571428575,0.19134285714285715,0.19134285714285715,0.19134285714285715,1,2024-04-30
2024-05,inflation,0.0,0.0,0.0,0.0,0.0956714285714286,0.0956714285714286,0.0,0.1428571428571429,0.0,0.8571428571428571,0.1428571428571429,0.0956714285714286,0.0956714285714286,0.0956714285714286,1,2024-05-31
2024-06,inflation,3.0,2.0,0.0,0.0,0.0,0.0,0.0,0.0,0.0,1.0,0.0,0.0,0.0,0.0,0,2024-06-30
2024-07,inflation,1.0,1.0,0.0,0.0,0.7003,0.7003,0.0,1.0,0.0,0.0,1.0,0.7003,0.7003,0.7003,0,2024-07-31
2024-08,inflation,0.0,0.0,0.0,0.0,0.46686666666666665,0.46686666666666665,0.0,0.6666666666666667,0.0,0.3333333333333333,0.6666666666666667,0.46686666666666665,0.46686666666666665,0.46686666666666665,1,2024-08-31
2024-09,inflation,0.0,0.0,0.0,0.0,0.23343333333333333,0.23343333333333333,0.0,0.33333333333333337,0.0,0.6666666666666666,0.33333333333333337,0.23343333333333333,0.23343333333333333,0.23343333333333333,1,2024-09-30
2024-10,inflation,2.0,1.0,0.0,0.0,0.0,0.0,0.0,0.0,0.0,1.0,0.0,0.0,0.0,0.0,0,2024-10-31
2024-11,inflation,1.0,1.0,0.0,0.0,0.0,0.0,0.0,0.0,0.0,1.0,0.0,0.0,0.0,0.0,0,2024-11-30
2024-12,inflation,0.0,0.0,0.0,0.0,0.0,0.0,0.0,0.0,0.0,1.0,0.0,0.0,0.0,0.0,1,2024-12-31
2025-01,inflation,0.0,0.0,0.0,0.0,0.0,0.0,0.0,0.0,0.0,1.0,0.0,0.0,0.0,0.0,1,2025-01-31
2025-02,inflation,0.0,0.0,0.0,0.0,0.0,0.0,0.0,0.0,0.0,1.0,0.0,0.0,0.0,0.0,1,2025-02-28
2025-03,inflation,0.0,0.0,0.0,0.0,0.0,0.0,0.0,0.0,0.0,1.0,0.0,0.0,0.0,0.0,1,2025-03-31
2025-04,inflation,0.0,0.0,0.0,0.0,0.0,0.0,0.0,0.0,0.0,1.0,0.0,0.0,0.0,0.0,1,2025-04-30
2025-05,inflation,0.0,0.0,0.0,0.0,0.0,0.0,0.0,0.0,0.0,1.0,0.0,0.0,0.0,0.0,1,2025-05-31
2025-06,inflation,0.0,0.0,0.0,0.0,0.0,0.0,0.0,0.0,0.0,1.0,0.0,0.0,0.0,0.0,1,2025-06-30
2025-07,inflation,0.0,0.0,0.0,0.0,0.0,0.0,0.0,0.0,0.0,1.0,0.0,0.0,0.0,0.0,1,2025-07-31
2025-08,inflation,0.0,0.0,0.0,0.0,0.0,0.0,0.0,0.0,0.0,1.0,0.0,0.0,0.0,0.0,1,2025-08-31
2025-09,inflation,0.0,0.0,0.0,0.0,0.0,0.0,0.0,0.0,0.0,1.0,0.0,0.0,0.0,0.0,1,2025-09-30
2025-10,inflation,0.0,0.0,0.0,0.0,0.0,0.0,0.0,0.0,0.0,1.0,0.0,0.0,0.0,0.0,1,2025-10-31
2025-11,inflation,0.0,0.0,0.0,0.0,0.0,0.0,0.0,0.0,0.0,1.0,0.0,0.0,0.0,0.0,1,2025-11-30
2025-12,inflation,0.0,0.0,0.0,0.0,0.0,0.0,0.0,0.0,0.0,1.0,0.0,0.0,0.0,0.0,1,2025-12-31
2026-01,inflation,0.0,0.0,0.0,0.0,0.0,0.0,0.0,0.0,0.0,1.0,0.0,0.0,0.0,0.0,1,2026-01-31
2026-02,inflation,0.0,0.0,0.0,0.0,0.0,0.0,0.0,0.0,0.0,1.0,0.0,0.0,0.0,0.0,1,2026-02-28
2026-03,inflation,0.0,0.0,0.0,0.0,0.0,0.0,0.0,0.0,0.0,1.0,0.0,0.0,0.0,0.0,1,2026-03-31
